Date,Momentum,Volatility,Strength,Safe_Haven,Put_Call,Breadth,Fear_Greed_Index
02-01-2020,-0.009923746,30.39058686,0,0.004967142,1.085634773,0.49354658,96.97827282
03-01-2020,-0.009923746,30.39058686,0,-0.001382643,1.120691233,0.702258766,97.01811923
06-01-2020,-0.009923746,30.39058686,0,0.006476885,0.935780077,0.992816839,97.10400078
07-01-2020,-0.009923746,30.39058686,0,0.015230299,1.125930045,0.13148912,96.89508787
08-01-2020,-0.009923746,30.39058686,0,-0.002341534,0.832045939,0.274731526,96.96883884
09-01-2020,-0.009923746,30.39058686,0,-0.00234137,1.157926662,0.394576076,96.94836448
10-01-2020,-0.009923746,30.39058686,0,0.015792128,1.01903695,0.421828179,96.97101364
13-01-2020,-0.009923746,30.39058686,0,0.007674347,1.126919108,0.411021075,96.95476254
14-01-2020,-0.009923746,30.39058686,0,-0.004694744,0.980927314,0.907611003,97.08133061
15-01-2020,-0.009923746,30.39058686,0,0.0054256,1.057431078,0.714032644,97.02850434
16-01-2020,-0.009923746,30.39058686,0,-0.004634177,1.010561064,0.607905214,97.01417488
17-01-2020,-0.009923746,30.39058686,0,-0.004657298,1.092635809,0.309372718,96.93992915
21-01-2020,-0.009923746,30.39058686,0,0.002419623,0.832651993,0.823790384,97.08349276
22-01-2020,-0.009923746,30.39058686,0,-0.019132802,0.824140834,0.955060511,97.11529695
23-01-2020,-0.009923746,30.39058686,0,-0.017249178,0.898841294,0.821198283,97.0764292
24-01-2020,-0.009923746,30.39058686,0,-0.005622875,0.863817872,0.001565105,96.90743006
27-01-2020,-0.009923746,30.39058686,0,-0.010128311,1.148713427,0.63640137,97.00157561
28-01-2020,-0.009923746,30.39058686,0,0.003142473,0.887685595,0.051135381,96.91327644
29-01-2020,-0.009923746,30.39058686,0,-0.009080241,1.190346102,0.25760722,96.91597666
30-01-2020,-0.009923746,30.39058686,0,-0.014123037,0.934758317,0.0595247,96.91086302
31-01-2020,-0.009923746,32.466563,0,0.014656488,0.872847166,0.603795453,96.30266044
03-02-2020,0.004349452,31.59527871,0,-0.002257763,1.115879403,0.686589913,96.59860166
04-02-2020,0.015805802,30.79260869,0,0.000675282,1.06348311,0.114487638,96.77048363
05-02-2020,0.0301219,30.96010272,0,-0.014247482,0.999278287,0.383838883,96.78452559
06-02-2020,0.02850555,32.45798123,0,-0.005443827,1.02214542,0.456236509,96.2700099
07-02-2020,0.016187746,33.12825081,0,0.001109226,1.087680711,0.369053022,96.00246314
10-02-2020,0.026563764,34.72939145,0,-0.011509936,0.891381897,0.121025,95.42233715
11-02-2020,0.021173165,36.99862738,0,0.00375698,1.198533566,0.41894779,94.64294309
12-02-2020,0.029331603,40.45662578,0,-0.006006387,1.189917265,0.751178048,93.50682029
13-02-2020,0.025735007,42.83310053,0,-0.002916937,1.060130275,0.071007665,92.54783595
14-02-2020,0.019099633,45.50415008,0,-0.006017066,0.87981698,0.080180014,91.63743268
18-02-2020,0.012214583,47.0878728,0,0.018522782,1.072091297,0.354771292,91.10755428
19-02-2020,0.019682022,49.58705082,0,-0.000134972,0.828879364,0.941725712,90.39473759
20-02-2020,0.015497849,50.99942623,0,-0.010577109,0.812261001,0.668572647,89.84487425
21-02-2020,0.003671572,51.10993198,0,0.008225449,0.903073155,0.678669957,89.78878204
24-02-2020,-0.021113856,55.29179596,0,-0.012208436,0.985049183,0.361919991,88.23993036
25-02-2020,-0.035583567,68.17172649,0,0.002088636,1.147309002,0.593660791,83.74680269
26-02-2020,-0.048790717,80.98777352,0,-0.019596701,1.090867628,0.010131184,79.14082372
27-02-2020,-0.090010357,109.126153,0,-0.01328186,1.097082608,0.636096046,69.39891347
28-02-2020,-0.100327059,132.6514343,0,0.001968612,0.970197334,0.913286948,61.22795499
02-03-2020,-0.041943636,138.6084276,0,0.007384666,0.938373997,0.612573468,59.10207952
03-03-2020,-0.075578903,150.7287841,0,0.001713683,0.948415505,0.873698593,54.89863177
04-03-2020,-0.050785563,152.9140645,0,-0.001156483,1.195059825,0.723973055,54.07615189
05-03-2020,-0.093187074,159.2253502,0,-0.003011037,0.816043677,0.120558416,51.77690127
06-03-2020,-0.111606235,166.8628343,0,-0.01478522,1.146812598,0.902453307,49.21457264
09-03-2020,-0.17463959,194.2135784,0,-0.007198442,1.031470163,0.066443844,39.45050544
10-03-2020,-0.140169296,201.1117363,0,-0.004606388,0.975446168,0.533967473,37.15181078
11-03-2020,-0.183566411,215.9792171,0,0.010571222,1.090103064,0.142137124,31.8277609
12-03-2020,-0.265963418,251.8209392,0,0.003436183,0.994667577,0.011706611,19.22997486
13-03-2020,-0.196482431,255.3621838,0,-0.017630402,1.149369295,0.42203426,18.08128588
16-03-2020,-0.294077811,283.2677321,0,0.00324084,1.160280746,0.295040708,8.240229321
17-03-2020,-0.24956312,288.0987266,0,-0.003850823,0.968688371,0.486000494,6.631433879
18-03-2020,-0.291791513,295.7695491,0,-0.00676922,0.910731119,0.577199887,3.957138817
19-03-2020,-0.285732101,294.9245905,0,0.006116763,1.036940131,0.043739072,4.123644591
20-03-2020,-0.309439017,297.7018396,0,0.010309995,1.164945338,0.123003295,3.140564812
23-03-2020,-0.306423971,307.043893,0,0.009312801,0.884264876,0.558642396,0
24-03-2020,-0.217657987,301.9166859,0,-0.008392175,1.049186633,0.343167353,1.761312258
25-03-2020,-0.205632112,292.2886891,0,-0.003092124,1.052624088,0.729173488,5.218262839
26-03-2020,-0.117058756,284.7840842,0,0.003312634,1.093245209,0.652291649,7.855514886
27-03-2020,-0.139715392,278.5792649,0,0.009755451,0.852627074,0.845604363,10.09466297
30-03-2020,-0.15001475,259.2575576,0,-0.004791742,1.086329986,0.692492827,16.7968396
31-03-2020,-0.139436704,244.3275304,0,-0.00185659,1.163613008,0.429931077,21.96432375
01-04-2020,-0.210733164,213.4058381,0,-0.01106335,0.871873244,0.672966622,32.86492186
02-04-2020,-0.164368357,186.1883091,0,-0.011962066,0.89501733,0.275381174,42.32917705
03-04-2020,-0.16273889,158.4924001,0,0.008125258,1.188558038,0.306313499,51.99458366
06-04-2020,-0.030175975,153.5647303,0,0.0135624,0.872390781,0.78898516,53.91225057
07-04-2020,-0.07730822,133.145826,0,-0.000720101,1.141754037,0.446419516,60.94103311
08-04-2020,0.003137142,133.9248195,0,0.010035329,0.996911143,0.798380341,60.78908883
09-04-2020,0.124637267,146.8403952,0,0.00361636,0.89889243,0.822422374,56.32682501
13-04-2020,0.0186682,150.4869893,0,-0.006451198,1.148299961,0.857562338,54.98609561
14-04-2020,0.192751526,161.4337869,0,0.003613956,0.978122102,0.916635236,51.24710881
15-04-2020,0.100494693,168.9532523,0,0.015380366,1.005926942,0.430985221,48.47298818
16-04-2020,0.167403334,171.3147674,0,-0.00035826,0.943693348,0.318866818,47.65651391
17-04-2020,0.193065542,177.0079957,1,0.015646437,1.037180341,0.582198747,45.92127827
20-04-2020,0.224840779,167.1780796,0,-0.026197451,0.865409549,0.371172423,49.15136161
21-04-2020,0.223098319,138.9400695,0,0.008219025,0.956432615,0.601074167,59.07368415
22-04-2020,0.14382203,132.1818779,0,0.000870471,1.187764929,0.705585863,61.40398702
23-04-2020,0.13016852,125.2038488,0,-0.002990074,0.903253373,0.688405018,63.88050673
24-04-2020,0.078579626,127.830635,1,0.000917608,1.062694666,0.374552887,63.06356394
27-04-2020,0.132604364,126.929806,1,-0.019875689,0.930076026,0.166860202,63.37590549
28-04-2020,0.090130013,128.3192684,1,-0.002196719,1.10938925,0.430529338,62.90209369
29-04-2020,0.137321552,130.6949674,1,0.003571126,0.852349464,0.142594144,62.06107246
30-04-2020,0.17888279,116.7780323,1,0.01477894,1.187928418,0.890097035,67.05946059
01-05-2020,0.12023035,101.3329026,1,-0.005182702,0.981515817,0.345877461,72.36690041
04-05-2020,0.142282001,72.39058874,1,-0.008084936,0.894420185,0.154459747,82.485918
05-05-2020,0.076871101,64.76864748,1,-0.00501757,0.829398699,0.02544776,85.11464549
06-05-2020,0.071072161,52.84389377,1,0.009154021,0.867903162,0.645822386,89.41304398
07-05-2020,0.04771306,50.59702483,1,0.003287511,1.007909579,0.636902317,90.1713006
08-05-2020,0.050175272,53.5149819,1,-0.005297602,0.934801271,0.340604167,89.09912897
11-05-2020,0.061036441,53.3495984,1,0.005132674,1.131553346,0.071711889,89.07532032
12-05-2020,0.008453813,53.50055125,1,0.000970775,0.972355009,0.409628895,89.09793621
13-05-2020,0.013163907,51.60867049,1,0.00968645,0.899485709,0.311217495,89.75064431
14-05-2020,0.018913736,49.99289253,1,-0.007020531,1.046857995,0.67712064,90.37728833
15-05-2020,-0.003778007,49.84863584,1,-0.003276621,1.082710887,0.605779249,90.39933061
18-05-2020,0.046313352,53.70391023,1,-0.003921082,0.866816763,0.364593728,89.04596757
19-05-2020,0.068107361,46.30711559,1,-0.014635149,0.867047687,0.217892554,91.61544158
20-05-2020,0.061550898,48.04419256,1,0.002961203,0.814668571,0.988035966,91.17137077
21-05-2020,0.053867309,46.1333461,1,0.002610553,1.094560806,0.454001621,91.68665751
22-05-2020,0.041847318,46.78701116,1,5.11E-05,1.065521811,0.688274236,91.50712753
26-05-2020,0.039357591,51.41271286,1,-0.002345871,0.98985235,0.140552968,89.78161873
27-05-2020,0.060327094,58.92336339,1,-0.014153707,1.13766818,0.4855897,87.21133865
28-05-2020,0.03069218,64.60192675,1,-0.004206453,1.122268061,0.02753672,85.1161599
29-05-2020,0.04528182,70.95711803,1,-0.003427145,1.034141746,0.505455118,83.00764716
01-06-2020,0.079492432,73.89813521,1,-0.008022773,1.147308512,0.964017407,82.07052137
02-06-2020,0.083750212,78.01712985,1,-0.001612857,0.882336484,0.384206713,80.54343047
03-06-2020,0.088699844,85.63215414,1,0.004040509,0.844767848,0.038996013,77.80942287
04-06-2020,0.09265845,88.5512706,1,0.018861859,0.907899845,0.030955791,76.77558725
05-06-2020,0.108545426,99.25432167,1,0.001745778,0.822834742,0.38798676,73.12107964
08-06-2020,0.103280032,112.6630064,1,0.002575504,1.012467811,0.160024936,68.34737317
09-06-2020,0.094529705,120.4565465,1,-0.000744459,1.174642277,0.023352096,65.56313012
10-06-2020,0.111500482,121.6852389,1,-0.019187712,0.815737416,0.756213614,65.34556182
11-06-2020,0.064574503,111.5947847,1,-0.000265139,0.848843966,0.458523009,68.79409464
12-06-2020,0.066191081,102.6697315,1,0.000602302,0.980879611,0.289244772,71.86703393
15-06-2020,0.070848951,93.09434059,1,0.024632421,1.173550007,0.900083183,75.32109102
16-06-2020,0.057831851,90.85234743,1,-0.00192361,0.926462442,0.11613896,75.97550217
17-06-2020,0.06519123,84.79091916,1,0.003015473,1.002893923,0.955918829,78.26659733
18-06-2020,0.048367712,81.49957892,1,-0.000347118,0.816629144,0.313966717,79.30534895
19-06-2020,0.050611997,75.09462461,1,-0.01168678,0.85933728,0.888403672,81.66622889
22-06-2020,0.054952768,68.15976,1,0.011428228,1.194652049,0.602942876,83.98690799
23-06-2020,0.046634607,63.61435629,1,0.00751933,1.186047479,0.82670736,85.62510158
24-06-2020,0.004677071,62.87070597,1,0.007910319,0.801975992,0.984013163,85.95774228
25-06-2020,0.017833282,60.51445998,1,-0.009093875,1.180724714,0.288405438,86.5908798
26-06-2020,-0.011582266,62.96870404,1,0.014027943,1.055647975,0.961135485,85.87650437
29-06-2020,-0.000814859,63.07871167,1,-0.014018511,1.147167318,0.389481895,85.71268972
30-06-2020,0.006319736,62.79772825,1,0.005868571,0.981895942,0.385511905,85.83315932
01-07-2020,-0.002244733,62.73165155,1,0.021904556,1.006238411,0.340387104,85.8381639
02-07-2020,0.005674141,62.92086344,1,-0.009905363,0.995538632,0.541407607,85.82286327
06-07-2020,-0.004449052,61.98260234,1,-0.005662977,1.066745703,0.154145043,86.05603288
07-07-2020,-0.026936671,55.51531932,1,0.000996514,0.855860502,0.553711485,88.42634054
08-07-2020,-0.011611444,52.40149782,1,-0.005034757,0.811989436,0.541704812,89.5269953
09-07-2020,-0.011939866,49.6456331,1,-0.015506634,0.923171977,0.761901813,90.52447069
10-07-2020,0.060937322,47.4633334,1,0.00068563,1.081872305,0.833649962,91.30506579
13-07-2020,0.037454225,45.69598463,1,-0.010623037,0.880741381,0.44044135,91.86308766
14-07-2020,0.042695609,47.75159461,1,0.004735924,1.069372973,0.302333249,91.08720046
15-07-2020,0.032585133,53.23983771,1,-0.009194242,1.187964818,0.259334897,89.1373433
16-07-2020,0.032786384,56.70890413,1,0.015499344,0.837560286,0.194623837,87.95418813
17-07-2020,0.035113307,60.22578664,1,-0.007832533,1.069040847,0.057647582,86.66503008
20-07-2020,0.049745975,64.62782419,1,-0.003220615,0.977500088,0.342447979,85.20010087
21-07-2020,0.044722963,68.94995573,1,0.008135172,1.147256902,0.270247692,83.64368116
22-07-2020,0.04622056,74.09457759,1,-0.012308643,0.870859916,0.966417386,82.02989171
23-07-2020,0.060757305,71.33022521,1,0.002274599,1.077050381,0.557708826,82.88653512
24-07-2020,0.04276269,69.17285043,1,0.013071428,1.135246116,0.347277039,83.58209321
27-07-2020,0.076555677,58.46625428,1,-0.016074832,1.177845688,0.580467601,87.39173732
28-07-2020,0.054106442,49.68100708,1,0.001846339,1.073299211,0.139196701,90.38086173
29-07-2020,0.051011325,46.35355473,1,0.002598828,0.998869906,0.444043749,91.61983209
30-07-2020,0.041837521,42.53544552,1,0.007818229,1.047138896,0.626234321,92.98495712
31-07-2020,0.045082957,40.3868635,1,-0.012369507,1.147561994,0.488897832,93.69866408
03-08-2020,0.036132156,43.02636379,1,-0.013204566,1.028243899,0.401778801,92.76939809
04-08-2020,0.051247548,43.03686867,1,0.005219416,0.812154824,0.993848389,92.92315758
05-08-2020,0.049789611,45.84399549,1,0.002969847,1.172379478,0.880314762,91.86524426
06-08-2020,0.062533862,47.59689628,1,0.002504929,1.0758107,0.623405958,91.21523958
07-08-2020,0.052194003,50.51578097,1,0.003464482,1.070605354,0.569377361,90.17832817
10-08-2020,0.065050932,49.81879814,1,-0.006800247,0.886270061,0.62066048,90.46504303
11-08-2020,0.042586105,49.23821786,1,0.002322537,1.063554188,0.201312108,90.54629629
12-08-2020,0.047663777,53.43064094,1,0.002930725,0.957545762,0.395137743,89.13491728
13-08-2020,0.049092341,54.93982708,1,-0.007143514,1.060493191,0.039459533,88.51895428
14-08-2020,0.045932564,55.85217613,1,0.018657745,0.842637212,0.475546037,88.31681047
17-08-2020,0.040023463,57.97661705,1,0.004738329,1.063138122,0.543024584,87.55575356
18-08-2020,0.040671715,60.06884654,1,-0.011913035,1.19976549,0.227749736,86.73996313
19-08-2020,0.030167727,61.25412121,1,0.006565536,0.819284816,0.964028847,86.52654784
20-08-2020,0.046312067,60.31416246,1,-0.009746817,1.190869674,0.909454611,86.80023097
21-08-2020,0.056452402,57.10518341,1,0.007870846,0.962763184,0.722143235,87.9180597
24-08-2020,0.059229959,57.08682736,1,0.011585956,1.14830138,0.533386629,87.85926931
25-08-2020,0.069965629,53.91690467,1,-0.008206823,1.112954194,0.86996916,89.05197281
26-08-2020,0.067605984,56.35065871,1,0.009633761,1.026806504,0.130652344,88.05274209
27-08-2020,0.073417723,55.65806345,1,0.004127809,1.095379684,0.790509794,88.42726154
28-08-2020,0.072418586,57.68371573,1,0.008220602,1.151406225,0.124820814,87.56895132
31-08-2020,0.062435294,58.80595418,1,0.01896793,0.961656129,0.794210663,87.33809865
01-09-2020,0.066577718,61.59876971,1,-0.002453881,0.930813265,0.275767568,86.25953843
02-09-2020,0.076047944,69.79104403,1,-0.007537362,1.067037354,0.877090581,83.50099776
03-09-2020,0.031619913,68.11267393,1,-0.008895144,1.123138377,0.944042094,84.07979305
04-09-2020,0.022582396,65.83529671,1,-0.008158103,1.104914054,0.148795969,84.70972421
08-09-2020,-0.008519607,67.69574978,1,-0.000771017,1.11912546,0.462675605,84.1100323
09-09-2020,0.019578911,64.40990436,1,0.00341152,0.974233326,0.980987378,85.39961564
10-09-2020,-0.0121763,66.73367523,1,0.002766908,1.127133686,0.483407436,84.44851976
11-09-2020,-0.009622243,68.52888486,1,0.008271832,0.848083622,0.863547523,83.93875824
14-09-2020,0.003169409,68.12104426,1,0.000130019,1.017795639,0.588731522,84.00570847
15-09-2020,0.005680076,67.5715258,1,0.014535341,0.802303464,0.375329908,84.18241518
16-09-2020,-0.00126558,67.70908394,1,-0.002646568,0.929834332,0.285783556,84.09750901
17-09-2020,-0.005286187,68.56840421,1,0.027201692,0.946584614,0.203223091,83.77118515
18-09-2020,-0.019506674,72.20788521,0,0.006256673,0.958469077,0.761798191,82.39972719
21-09-2020,-0.034175563,78.88330023,0,-0.008571576,1.078186883,0.386540507,79.96252037
22-09-2020,-0.033722098,82.09287975,0,-0.010708925,0.955423241,0.511275462,78.88203637
23-09-2020,-0.060024099,90.59914219,0,0.004824724,0.979477449,0.49232548,75.88342403
24-09-2020,-0.066731219,95.0934226,0,-0.002234628,0.895017652,0.577279029,74.33734282
25-09-2020,-0.053404338,94.56174027,0,0.007140005,0.949300717,0.865577146,74.57994445
28-09-2020,-0.044586507,89.92004633,0,0.004732376,0.890907851,0.980739344,76.24181219
29-09-2020,-0.047092996,85.15012267,0,-0.000728289,0.82927837,0.407584209,77.80083837
30-09-2020,-0.046403785,76.26300086,1,-0.008467937,1.041379437,0.827518922,81.18418643
01-10-2020,-0.055863997,55.79575439,1,-0.015148472,1.067285119,0.764527795,88.33491388
02-10-2020,-0.030864915,49.73840831,0,-0.00446515,1.047796138,0.573528951,90.21654757
05-10-2020,-0.005357478,48.23703889,1,0.008563988,0.985397618,0.956047144,91.04894256
06-10-2020,0.008742881,48.37886459,0,0.002140937,0.951914312,0.200474516,90.64078878
07-10-2020,0.006025367,49.82817538,1,-0.012457388,1.14533346,0.10926421,90.29808201
08-10-2020,0.032235404,54.87436469,1,0.001731809,1.007632714,0.853961967,88.71334419
09-10-2020,0.040757601,61.82392585,1,0.003853174,0.991672751,0.439149817,86.19654713
12-10-2020,0.04453322,73.45851096,1,-0.008838574,0.810256826,0.846968854,82.23502312
13-10-2020,0.032556151,80.30968762,1,0.001537251,0.936499131,0.893090205,79.82131055
14-10-2020,0.030477104,84.62622443,1,0.000582087,0.952078248,0.062457594,78.13179749
15-10-2020,0.037631725,87.93286236,1,-0.011429703,0.959529112,0.883464763,77.14914587
16-10-2020,0.04950793,89.59973827,1,0.003577874,1.032068948,0.448319055,76.46564489
19-10-2020,0.044455103,86.25595869,1,0.005607845,1.013441019,0.510432489,77.650631
20-10-2020,0.038470021,84.70263176,1,0.010830512,1.043162037,0.626592511,78.21220648
21-10-2020,0.061367022,75.42649987,1,0.010538021,1.105953305,0.926382607,81.52404697
22-10-2020,0.063728372,64.97505824,1,-0.013776694,1.125194295,0.019116094,84.99618062
23-10-2020,0.050608446,58.5993785,1,-0.00937825,1.08724923,0.476843468,87.32598818
26-10-2020,0.01473024,56.06657908,0,0.005150353,1.182209478,0.687722042,88.01948949
27-10-2020,0.016552378,52.21795168,0,0.00513786,0.807293033,0.722706958,89.42824888
28-10-2020,-0.027347598,62.11241542,0,0.005150477,0.878311194,0.692532432,85.93039928
29-10-2020,-0.020909235,66.97433091,0,0.038527315,0.80302515,0.134435129,84.11802149
30-10-2020,-0.023431936,73.83001331,0,0.005708905,1.058989886,0.299395588,81.71889631
02-11-2020,-0.028856453,78.07163902,0,0.011355656,1.15921222,0.358715525,80.22872595
03-11-2020,0.002436779,77.77108902,0,0.009540018,0.897392919,0.804437208,80.47560324
04-11-2020,0.007018693,77.95342645,1,0.006513913,1.170813818,0.278759872,80.47514089
05-11-2020,0.018457502,80.33322359,1,-0.003152692,0.824106956,0.210704964,79.68110312
06-11-2020,0.009289258,81.76998435,1,0.007589692,1.173774411,0.957448019,79.28102733
09-11-2020,0.0046064,82.98029282,1,-0.007728252,0.940649075,0.008863285,78.69082959
10-11-2020,0.009567417,85.11549201,1,-0.002368186,0.840568331,0.997820856,78.16571662
11-11-2020,0.024075075,90.182863,1,-0.004853635,0.994348704,0.676821299,76.30695394
12-11-2020,0.015407603,92.54932506,1,0.000818741,0.902710627,0.828469299,75.51883209
13-11-2020,0.029088797,97.97868478,1,0.023146586,0.913949161,0.294619396,73.50472801
16-11-2020,0.058358525,106.4115316,1,-0.018672652,0.922915986,0.014315278,70.50651886
17-11-2020,0.048331138,112.1909665,1,0.006862602,1.121210359,0.737869519,68.59910431
18-11-2020,0.038488624,114.645949,1,-0.016127159,1.015664511,0.834144597,67.7738872
19-11-2020,0.037174026,117.5270285,1,-0.004719319,0.92452308,0.740476132,66.75562711
20-11-2020,0.026591567,119.0754982,1,0.010889506,1.044133513,0.142850287,66.0649064
23-11-2020,0.051932278,119.7656381,1,0.0006428,1.08646027,0.753427922,65.95585886
24-11-2020,0.072177258,122.1190183,1,-0.010777448,0.9090496,0.768922782,65.16824442
25-11-2020,0.109635152,113.1844942,1,-0.007153037,0.965419641,0.658540516,68.27965291
27-11-2020,0.099162862,105.444959,1,0.006795977,0.848754437,0.766115933,71.02426091
30-11-2020,0.107545635,87.31515217,1,-0.007303666,0.87245974,0.84592144,77.39376195
01-12-2020,0.106400129,70.53257306,1,0.002164586,1.072447142,0.613604114,83.19436268
02-12-2020,0.088998476,56.90711033,1,0.000455718,0.872575339,0.088604714,87.87936298
03-12-2020,0.064842144,49.84000238,1,-0.006516003,1.010065353,0.48762781,90.41219301
04-12-2020,0.053745294,51.27551693,1,0.021439441,1.083618505,0.077649335,89.80502706
07-12-2020,0.052008304,50.12809702,1,0.00633919,0.842750769,0.407543031,90.3115842
08-12-2020,0.042740459,51.89148128,1,-0.020251426,1.026924888,0.407106489,89.66842499
09-12-2020,0.035901554,50.19657199,1,0.001864543,0.902625113,0.066009844,90.20240462
10-12-2020,0.026714042,49.46300334,1,-0.006617865,1.18517075,0.348820534,90.4772062
11-12-2020,0.035750521,44.80792953,1,0.008524333,0.993418259,0.110998099,92.08587224
14-12-2020,0.017388419,43.19701657,1,-0.007925207,1.12239702,0.80823521,92.77454923
15-12-2020,0.018668841,44.78399318,1,-0.001147364,1.020090617,0.947688026,92.26175413
16-12-2020,0.025388317,45.8684113,1,0.005049873,0.817365013,0.072316475,91.72776599
17-12-2020,0.043357356,44.75762085,1,0.008657552,1.05326055,0.955115207,92.27518071
18-12-2020,0.035607041,42.80538709,1,-0.012002964,1.180561337,0.522576599,92.85050386
21-12-2020,0.038616539,35.66096255,1,-0.003345012,1.040644728,0.299565678,95.32587276
22-12-2020,0.030654692,28.71234617,1,-0.004749453,1.127675544,0.076862075,97.69847719
23-12-2020,0.015018966,27.42553268,1,-0.006533292,1.153682585,0.500624268,98.22946508
24-12-2020,0.020225134,25.66068902,1,0.017654542,0.891231909,0.794515544,98.94469883
28-12-2020,0.026663187,26.46686967,1,0.004049817,0.884817936,0.707086477,98.64896584
29-12-2020,0.029105723,23.47523984,1,-0.01260884,1.044392396,0.050226011,99.53974224
30-12-2020,0.019000966,24.25333087,1,0.009178619,0.964411388,0.072901835,99.27654637
31-12-2020,0.023728488,27.18385343,1,0.021221562,1.135944521,0.402873283,98.29523016
04-01-2021,0.009253483,26.1504835,1,0.010324653,1.160009249,0.295290494,98.62770609
05-01-2021,0.007499078,26.8301603,1,-0.0151937,0.941368552,0.232384323,98.40998161
06-01-2021,0.015216831,28.67277678,1,-0.004842341,0.894748224,0.281004499,97.78249141
07-01-2021,0.027426575,36.29361871,1,0.012669111,1.112210206,0.803482743,95.1939696
08-01-2021,0.041346938,43.45291433,1,-0.007076695,0.909922414,0.929228054,92.74838315
11-01-2021,0.03585235,45.58856346,1,0.004438194,1.129045727,0.405102695,91.85582559
12-01-2021,0.037595601,46.45108361,1,0.007746341,0.969495301,0.906111002,91.68148276
13-01-2021,0.044510087,45.39304608,1,-0.009269305,1.06701996,0.321495701,91.92039005
14-01-2021,0.027315372,45.87574066,1,-0.000595254,0.838214126,0.476436986,91.8086846
15-01-2021,0.01812402,45.06645996,1,-0.032412673,1.04954373,0.226028998,92.01118034
19-01-2021,0.020531993,46.12289261,1,-0.010243876,0.980707071,0.640476042,91.73559159
20-01-2021,0.038399689,50.23661188,1,-0.002525682,1.034643385,0.978981115,90.36326551
21-01-2021,0.04280205,52.23289827,1,-0.012477832,0.867205683,0.603493096,89.61141297
22-01-2021,0.041822372,51.42622701,1,0.016324113,1.094749498,0.357814084,89.80609887
25-01-2021,0.044810203,50.60394913,1,-0.014301414,1.145118831,0.647817446,90.15339034
26-01-2021,0.039578094,49.21874686,1,-0.004400445,0.88669592,0.122920678,90.56131099
27-01-2021,0.004125415,48.45000247,1,0.001307406,0.838285822,0.88865908,90.98512709
28-01-2021,0.016189749,46.16514464,1,0.014412733,0.809455434,0.503083951,91.71093241
29-01-2021,-0.004769522,47.5481097,0,-0.014358622,1.0567886,0.449349742,90.96700795
01-02-2021,0.004736344,47.00656394,1,0.011631638,1.042837614,0.585864788,91.39724507
02-02-2021,0.03395624,42.2000502,1,0.000102331,1.018678965,0.624783863,93.10445437
03-02-2021,0.027720336,39.10992919,1,-0.009815087,0.892778838,0.071775806,94.08757985
04-02-2021,0.032976383,39.54783145,1,0.004621035,0.956362398,0.682617221,94.05347699
05-02-2021,0.021830868,43.02543586,1,0.001990597,1.037790534,0.24193168,92.72764817
08-02-2021,0.02376935,48.59534297,1,-0.006002169,0.998706744,0.713952633,90.88291756
09-02-2021,0.029376665,52.49472437,1,0.000698021,1.195114208,0.822534794,89.51323373
10-02-2021,0.028593662,55.4782617,1,-0.003853136,0.854575901,0.803958508,88.51223414
11-02-2021,0.027964374,58.46550275,1,0.001135173,1.078057822,0.552500967,87.38067137
12-02-2021,0.036698345,61.6728434,1,0.006621307,0.961727507,0.520169892,86.26888922
16-02-2021,0.043611779,62.22081556,1,0.015860168,0.971279846,0.142875961,85.99741237
17-02-2021,0.034857411,63.46355339,1,-0.012378155,1.087039106,0.77534615,85.67967055
18-02-2021,0.016127282,64.69482397,1,0.021330334,1.076974461,0.27140938,85.13254208
19-02-2021,0.013921338,65.48499538,1,-0.019520878,1.196502397,0.496695423,84.89128867
22-02-2021,0.009118913,65.34678697,1,-0.001517851,0.851357716,0.284274093,84.93921516
23-02-2021,0.006746454,65.40856452,1,0.005883172,0.84164386,0.133828363,84.88544456
24-02-2021,0.019692804,66.59134141,1,0.002809919,1.089735527,0.629557697,84.54549915
25-02-2021,0.020947717,61.30390715,1,-0.006226995,1.031354767,0.054332035,86.28674523
26-02-2021,0.006276112,59.75137929,1,-0.002081223,0.909664267,0.748645234,86.98788663
01-03-2021,0.05050295,46.43096374,1,-0.004930009,0.831767748,0.317586795,91.59042698
02-03-2021,0.025552068,38.71983792,1,-0.005893648,0.8342633,0.000134693,94.21606683
03-03-2021,-0.001722309,39.30655072,1,0.008496021,1.15767635,0.511129139,94.06104855
04-03-2021,-0.016108933,46.00454667,0,0.003570155,0.87674693,0.046851909,91.44188395
05-03-2021,-0.00769681,46.95523836,1,-0.006929096,0.929348625,0.276169558,91.36427877
08-03-2021,-0.016846628,49.00530413,0,0.008995999,0.890662561,0.706976487,90.52645688
09-03-2021,-0.01025392,48.33124417,1,0.003072995,0.941998522,0.062689622,90.83330283
10-03-2021,-0.003175452,47.973625,1,0.008128621,0.827769537,0.839338492,91.13960262
11-03-2021,0.007534811,49.42257337,1,0.006296288,1.007623916,0.003819923,90.43520469
12-03-2021,0.006883961,50.81961551,1,-0.00828995,0.827045025,0.246823869,90.02399679
15-03-2021,0.0086687,53.22981763,1,-0.00560181,1.120142603,0.740904056,89.24269588
16-03-2021,0.007659042,55.10300005,1,0.007472936,0.893484833,0.31627015,88.52681424
17-03-2021,0.010884367,57.78650223,1,0.006103703,1.016004766,0.101892388,87.52583796
18-03-2021,0.000380685,57.82467727,1,-0.000209016,1.152031635,0.360233919,87.54490927
19-03-2021,0.001635682,57.95906712,1,0.001173274,1.060350948,0.270393286,87.49203983
22-03-2021,0.016532978,59.1122038,1,0.012776649,1.013183115,0.842711902,87.21857639
23-03-2021,0.007510209,59.24389878,1,-0.005915714,0.929733501,0.313347918,87.07232727
24-03-2021,-0.009244857,58.70634176,1,0.005470974,0.933200765,0.788932472,87.35265292
25-03-2021,0.020938316,57.07685425,1,-0.002021927,1.067794782,0.891872145,87.93788642
26-03-2021,0.042871611,56.31417071,1,-0.002176812,1.197655744,0.43381742,88.09829603
29-03-2021,0.017753258,58.39688962,1,0.010987769,1.064735676,0.909943144,87.47674696
30-03-2021,0.022804495,58.93469428,1,0.008254163,1.023113367,0.377318054,87.18437925
31-03-2021,0.040099778,56.51034461,1,0.008135096,1.092260204,0.964078416,88.15338101
01-04-2021,0.066711463,49.09071209,1,0.013054788,0.986082245,0.089289525,90.59222725
05-04-2021,0.061419485,54.81883806,1,0.000210038,0.824056937,0.687019267,88.73386706
06-04-2021,0.066099634,54.68985204,1,0.00681953,1.024918726,0.49381404,88.71101062
07-04-2021,0.052770785,58.1415122,1,-0.003102668,1.183050114,0.387648805,87.45409167
08-04-2021,0.050877027,63.0209594,1,0.003241664,0.870121177,0.632711879,85.83855654
09-04-2021,0.048094278,71.15131322,1,-0.001301431,1.076001956,0.703857092,82.97614129
12-04-2021,0.046825823,77.29749618,1,0.00096996,0.880373475,0.00436327,80.70266783
13-04-2021,0.043500256,83.7965608,1,0.00595157,1.014331074,0.166953089,78.43949112
14-04-2021,0.040868546,87.54389274,1,-0.008182207,0.83867058,0.713046051,77.26720176
15-04-2021,0.049394532,94.06261906,1,0.020923873,0.980148375,0.666385414,74.95287271
16-04-2021,0.068960034,97.59647018,1,-0.010060174,1.102465332,0.966047505,73.77195462
19-04-2021,0.063928768,97.39936712,1,-0.012141886,0.93902861,0.76103779,73.81934285
20-04-2021,0.049319987,96.02575502,1,0.011581109,1.06596469,0.950772708,74.31419049
21-04-2021,0.067228885,93.06752094,1,0.007916627,1.118179984,0.702540502,75.29779801
22-04-2021,0.063211943,83.8769515,1,0.006241198,1.170871128,0.298052209,78.42381405
23-04-2021,0.069228422,76.23104194,1,0.006283455,0.893856833,0.105364922,81.10270577
26-04-2021,0.053611255,73.40901048,1,-0.000122468,0.959726366,0.781823863,82.21968538
27-04-2021,0.054299984,68.32937295,1,-0.008972544,0.860966405,0.644149221,83.98553918
28-04-2021,0.056745557,58.89407572,1,0.000758046,1.196993401,0.048186012,87.11800403
29-04-2021,0.060052085,49.37658635,1,-0.006771617,1.170800387,0.360050466,90.52355375
30-04-2021,0.040125626,41.39123163,1,0.009751197,1.015982852,0.956799815,93.45876832
03-05-2021,0.028139475,39.16836162,1,-0.001470574,1.136813318,0.500401146,94.12198435
04-05-2021,0.022268422,34.50920268,1,-0.008254972,1.008383191,0.432729136,95.75682224
05-05-2021,0.021480629,29.31493221,1,-0.003213858,1.049434275,0.457699605,97.5749649
06-05-2021,0.025493254,26.32866609,1,0.004129315,0.835649773,0.208882724,98.59913249
07-05-2021,0.025140549,28.51717173,1,-0.005637246,1.102108168,0.368707171,97.82996757
10-05-2021,0.014641493,26.71917959,1,-0.008222204,0.851085393,0.369813256,98.491922
11-05-2021,0.002537734,26.11719651,1,0.002436872,1.130427052,0.05235502,98.59120259
12-05-2021,-0.014939441,34.69927642,1,0.002449666,1.112811235,0.767567629,95.7314484
13-05-2021,-0.013888271,37.23090883,1,-0.005069432,1.083497879,0.416504432,94.77632046
14-05-2021,-0.002776299,37.06511173,1,-0.004710383,0.814464152,0.822179887,94.96121098
17-05-2021,7.27E-06,37.06485273,1,0.002320499,0.921251342,0.850348001,94.9522486
18-05-2021,-0.00171946,37.44391182,1,-0.014480843,0.905245028,0.211994055,94.68927614
19-05-2021,-0.013835115,39.2624869,1,-0.014074638,0.944054563,0.657353482,94.13607284
20-05-2021,0.00583803,38.62264428,1,-0.007184442,0.835057099,0.472281804,94.34251873
21-05-2021,-0.005815567,38.57764544,1,-0.002134472,1.174783129,0.880156738,94.39161875
24-05-2021,0.002251801,38.91132946,1,0.003109076,1.021520896,0.215740679,94.15863893
25-05-2021,0.0003367,38.95109999,1,0.014753562,0.922209724,0.6778132,94.25344267
26-05-2021,0.003062278,39.34160167,1,0.008576596,0.958792607,0.607752122,94.09861233
27-05-2021,-0.00251464,38.78213411,1,-0.001599385,0.978881016,0.295301478,94.22558571
28-05-2021,0.005486489,39.56388258,1,-0.000190162,1.040237733,0.136600904,93.9123785
01-06-2021,0.002237215,39.9273945,1,-0.010025294,1.006271771,0.65163976,93.89828975
02-06-2021,0.010435416,40.8888635,1,-0.000185131,1.167756789,0.738597458,93.5586155
03-06-2021,0.006061118,41.18358503,1,-0.002886586,0.998785393,0.315627344,93.3889901
04-06-2021,0.006728362,42.71909532,1,0.003227186,1.196863206,0.644832604,92.89189489
07-06-2021,-0.001436488,42.29340927,1,-0.008272309,1.140569983,0.395130908,92.99517368
08-06-2021,0.009270679,43.90607233,1,0.005193465,0.883404206,0.713206883,92.5349898
09-06-2021,0.016244721,44.65432292,1,0.015327389,1.172238086,0.199215275,92.12538141
10-06-2021,0.043351809,37.55656053,1,-0.001087601,0.846546559,0.890215003,94.81450563
11-06-2021,0.032812144,35.53778732,1,0.004017117,1.126979883,0.287409596,95.351305
14-06-2021,0.019478372,37.72625561,1,0.00690144,0.952249317,0.367785988,94.62095588
15-06-2021,0.020008168,38.3098213,1,-0.004012205,1.151189728,0.058091952,94.32526827
16-06-2021,0.023225306,34.3378428,1,0.002240925,1.147222676,0.111512212,95.72874538
17-06-2021,0.025798819,26.92326696,1,0.000125924,1.12237016,0.515861903,98.41584978
18-06-2021,0.001762411,26.20491589,0,0.000976761,1.116012175,0.267592677,98.39747787
21-06-2021,0.016586261,22.66708854,1,-0.007730098,0.921871656,0.835480226,100
22-06-2021,0.011767822,23.19227816,1,0.000245102,0.832367713,0.014693389,99.65323455
23-06-2021,0.01282433,22.61154271,1,0.004979983,0.961192072,0.379094049,99.91492259
24-06-2021,0.016801755,23.95734603,1,0.014511436,0.869409806,0.337345547,99.44761178
25-06-2021,0.019000856,26.3358306,1,0.009592708,1.077980436,0.019327631,98.51978357
28-06-2021,0.020575105,29.07177595,1,0.021531825,0.938439891,0.124368399,97.60185207
29-06-2021,0.021360997,30.93027758,1,-0.007673476,1.19024408,0.413642675,96.98067745
30-06-2021,0.02123986,32.87864614,1,0.008723206,1.056388831,0.492864584,96.33120358
01-07-2021,0.030311087,35.11898377,1,0.00183342,1.128992225,0.404289747,95.52173275
02-07-2021,0.028948673,41.79987025,1,0.021898029,0.853009869,0.530937678,93.243324
06-07-2021,0.027687085,45.71247582,1,-0.008082983,1.144805793,0.595131675,91.84904497
07-07-2021,0.030958617,49.92768541,1,-0.008397218,1.169102876,0.009923821,90.2471768
08-07-2021,0.024000195,50.02911506,1,-0.005993926,0.994824768,0.464095159,90.32875269
09-07-2021,0.0307535,53.90317596,1,-0.021238957,1.042501175,0.963499241,89.07440299
12-07-2021,0.032299442,58.319692,1,-0.00525755,1.10592392,0.51903228,87.42322593
13-07-2021,0.02680518,60.7582015,1,-0.007591327,0.869935451,0.677542267,86.63376783
14-07-2021,0.030073533,62.54680054,1,0.001503938,1.001026431,0.311863858,85.9118352
15-07-2021,0.032277289,61.53189246,1,0.00341756,0.959465211,0.773991378,86.370834
16-07-2021,0.024941684,58.56264493,1,0.018761708,0.858549597,0.772921482,87.42020091
19-07-2021,0.022090757,49.68935347,1,0.009504238,0.947013769,0.521296048,90.46365809
20-07-2021,0.023260332,45.05496027,1,-0.005769037,0.827268924,0.976013823,92.20205955
21-07-2021,0.026433907,42.48081007,1,-0.008984147,0.810324763,0.125550215,92.92900066
22-07-2021,0.029619255,38.74870561,1,0.004919192,0.854066516,0.016947665,94.20662265
23-07-2021,0.03405605,39.68166903,1,-0.013202332,1.185246045,0.770158212,93.99579508
26-07-2021,0.033078609,41.51220468,1,0.018314588,1.019811814,0.807155537,93.38073099
27-07-2021,0.025835511,41.25777828,1,0.011794401,1.186328864,0.120207229,93.3005144
28-07-2021,0.025360067,40.25820716,1,-0.004691757,0.972999151,0.265582833,93.71327167
29-07-2021,0.028307133,40.13567985,1,-0.017131345,0.924726453,0.017552363,93.71360132
30-07-2021,0.017435387,39.49662797,1,0.013538724,1.002456745,0.293308611,93.97643317
02-08-2021,0.008000366,39.63456904,1,-0.001145398,0.975804675,0.773141874,94.031453
03-08-2021,0.018328336,41.05858828,1,0.012378163,0.842265874,0.517960528,93.49939728
04-08-2021,0.010217748,41.49346422,1,-0.015944277,1.056330526,0.348095593,93.28248165
05-08-2021,0.025060122,41.27360764,1,-0.00599375,0.886415273,0.371739295,93.39208495
06-08-2021,0.015326571,43.11942344,1,5.24E-05,1.047835182,0.001353626,92.64074167
09-08-2021,0.010883522,44.53405299,1,0.000469806,1.060080437,0.299800528,92.20457563
10-08-2021,0.015458181,45.81615458,1,-0.004500655,0.860809941,0.646458742,91.85852238
11-08-2021,0.015570572,47.22455671,1,0.006228499,0.824539851,0.974194444,91.43764321
12-08-2021,0.023119175,49.00306877,1,-0.010676204,1.112304634,0.847060827,90.75257229
13-08-2021,0.032547869,48.58355245,1,-0.001423795,0.98392017,0.023594965,90.7464482
16-08-2021,0.051947924,37.71059627,1,0.001202956,0.823265518,0.898560605,94.76825147
17-08-2021,0.028919334,31.53832773,1,0.005144388,1.197946527,0.783198413,96.84511744
18-08-2021,0.009539582,28.41875523,1,0.007116149,0.823112224,0.780376124,97.98281472
19-08-2021,0.008773898,25.61394735,1,-0.011246421,1.078014092,0.457995759,98.86420566
20-08-2021,0.006772735,25.66384396,1,-0.015341142,1.19347157,0.398005293,98.81781099
23-08-2021,0.012941226,28.21539657,1,0.012776768,0.895672042,0.302915729,97.94392835
24-08-2021,0.019259523,30.08284531,1,0.00332314,0.856899747,0.065694859,97.24884371
25-08-2021,0.021712706,32.06735428,1,-0.007484865,0.848553976,0.228235363,96.59134873
26-08-2021,0.01150676,32.46241331,1,0.01551152,0.921310059,0.246603635,96.4398219
27-08-2021,0.02596214,33.97719592,1,0.001156746,0.840418324,0.48407707,95.97749609
30-08-2021,0.032282816,35.61502001,1,0.011792972,1.076864537,0.747444407,95.42669083
31-08-2021,0.022502125,37.97219509,1,0.000675185,0.824916719,0.473809828,94.57685902
01-09-2021,0.027580981,38.22252572,1,0.020607479,1.003768851,0.057844449,94.37565766
02-09-2021,0.024350341,40.44638538,1,0.017553408,1.198678742,0.957789801,93.75774983
03-09-2021,0.022294536,42.11000965,1,-0.002489641,1.125588108,0.942724319,93.18412161
07-09-2021,0.01978176,41.97185987,1,0.00971571,1.046087775,0.785189543,93.20795496
08-09-2021,0.017427131,41.36994114,1,0.006453759,0.922501448,0.991327902,93.47909371
09-09-2021,0.011450908,40.25915446,1,0.013686316,1.049558335,0.544482333,93.75338561
10-09-2021,-0.00050439,40.33640758,1,-0.009649235,1.010816586,0.96276835,93.81875226
13-09-2021,0.00016338,40.3196491,1,0.006860515,0.970433354,0.075605041,93.64173046
14-09-2021,-0.0081836,41.43724241,1,0.010584245,0.852284151,0.365680748,93.32430175
15-09-2021,0.007333527,40.57618158,1,-0.017587395,1.154641686,0.225381268,93.56346991
16-09-2021,0.016698971,35.42678305,1,-0.011832585,0.97991386,0.195833084,95.38812709
17-09-2021,0.006171508,32.44402892,0,-0.020392322,0.877849005,0.140802949,96.2230874
20-09-2021,-0.018898284,42.88428571,0,-0.002694068,0.94710374,0.622413642,92.64597539
21-09-2021,-0.02798058,52.13405742,0,0.007175423,0.965651901,0.781321856,89.43188223
22-09-2021,-0.020192867,55.42684148,0,0.015023571,1.131015158,0.578298399,88.21415537
23-09-2021,-0.010499993,55.51852191,1,0.000740948,1.093445752,0.14696271,88.31222659
24-09-2021,-0.003248327,55.66078689,1,0.016286155,1.107721957,0.81112377,88.4003499
27-09-2021,-0.014693905,55.33585463,1,-0.013801015,0.804412506,0.635954707,88.52006778
28-09-2021,-0.038897841,59.2674344,0,-0.017033824,0.966461599,0.388165706,86.84977346
29-09-2021,-0.036089268,61.46660652,0,-0.000555477,0.992537661,0.674130296,86.13449879
30-09-2021,-0.047865938,67.00504541,0,0.003840654,0.807676911,0.259904979,84.12839944
01-10-2021,-0.039654426,65.59442535,0,-0.000326947,0.903925283,0.345192208,84.63046039
04-10-2021,-0.051807702,67.23328,0,-0.020674421,1.104115929,0.917485843,84.14717721
05-10-2021,-0.03856381,64.96245412,0,-0.0008912,0.854843882,0.290504506,84.8476931
06-10-2021,-0.033344637,61.14080301,0,-0.013044695,1.014124053,0.469988268,86.20541089
07-10-2021,-0.020813309,57.47012284,0,0.006696725,0.886080749,0.890141137,87.599181
08-10-2021,-0.015081087,55.80260122,0,0.003665982,0.80484831,0.70772135,88.15881112
11-10-2021,-0.024065012,53.62440216,0,-0.009398798,0.896480583,0.062203226,88.77202889
12-10-2021,-0.020796504,52.89902751,0,-0.005138669,1.190349502,0.147303044,89.00339467
13-10-2021,-0.02608976,48.20378683,0,-0.010592135,1.120614845,0.007841591,90.62757434
14-10-2021,-0.007932995,45.15699191,1,-0.000626791,1.183830658,0.63092179,92.03217035
15-10-2021,0.008657786,48.28065578,1,0.009551423,0.995141618,0.447673425,90.93021448
18-10-2021,0.029540605,53.34505305,1,-0.00985726,0.843894479,0.134274851,89.12143812
19-10-2021,0.037995573,60.30806771,1,0.005040465,1.019183796,0.957934121,86.83162806
20-10-2021,0.031974821,68.00969264,1,-0.005302576,0.981750934,0.529659724,84.04820334
21-10-2021,0.022656835,75.00090108,1,-0.007928728,1.137742833,0.241893294,81.51384087
22-10-2021,0.02006965,80.46701148,1,-0.001070304,0.839233032,0.500603571,79.6933221
25-10-2021,0.027766614,87.39627632,1,-0.010352423,0.995296455,0.679620333,77.28565521
26-10-2021,0.051040443,92.57379773,1,-0.005536493,0.860019466,0.076239218,75.37150401
27-10-2021,0.044092667,94.87791824,1,-0.011978779,0.929870371,0.274703815,74.59473287
28-10-2021,0.067063772,95.79151923,1,0.019647251,1.094942831,0.806965491,74.36704509
29-10-2021,0.056997375,98.68525776,1,0.000352636,0.990407252,0.45966487,73.29415292
01-11-2021,0.072831735,95.8626584,1,-0.006997255,0.950355314,0.546577142,74.31340793
02-11-2021,0.065565585,95.78611358,1,0.002139799,0.957790511,0.432816002,74.31144374
03-11-2021,0.068068438,97.21763027,1,-0.00112328,0.983778707,0.043899943,73.72590916
04-11-2021,0.06370809,100.5379441,1,-0.002209696,1.114006618,0.16574978,72.56874263
05-11-2021,0.069725859,102.4617185,1,0.006141667,1.156833876,0.445541639,71.94856212
08-11-2021,0.078077373,99.43648185,1,0.007575077,1.182133875,0.209185465,72.95784691
09-11-2021,0.076908072,90.65131247,1,-0.005305011,1.114761355,0.049979029,76.01279254
10-11-2021,0.064831149,77.25211968,1,-0.005758182,0.926162758,0.843649664,80.8958065
11-11-2021,0.047543466,69.7924429,1,-0.002750517,1.075253882,0.981192529,83.51058113
12-11-2021,0.047296461,65.41262094,1,-0.023019212,0.97504125,0.793142874,85.02216685
15-11-2021,0.043762754,60.6113138,1,-0.015151911,0.901868249,0.853784922,86.72479427
16-11-2021,0.040107271,58.51587006,1,0.013668743,1.136348632,0.24197713,87.29208785
17-11-2021,0.033614108,55.8118046,1,0.016449677,0.81537054,0.960626976,88.43272661
18-11-2021,0.034014889,54.00015289,1,-0.00249036,1.160704797,0.196925704,88.86125738
19-11-2021,0.033677322,50.02954286,1,0.00576557,0.984590986,0.95142981,90.43421134
22-11-2021,0.025503224,46.32790713,1,0.003112502,1.054880591,0.994819294,91.72772727
23-11-2021,0.025336716,42.64313636,1,0.030788808,1.063741569,0.711722806,92.95387446
24-11-2021,0.032906483,34.53580387,1,0.011195749,1.158047096,0.981143732,95.84280338
26-11-2021,-0.000391567,34.739372,1,-0.001279176,1.054667873,0.56953978,95.68954533
29-11-2021,0.010833012,31.50208844,1,-0.009555404,1.045573434,0.259541783,96.76482117
30-11-2021,-0.010115575,37.28047471,1,-0.016064463,0.826660816,0.436995886,94.80211571
01-12-2021,-0.025398133,50.69012529,0,0.002034636,1.007363209,0.593560935,89.89402771
02-12-2021,-0.017909768,54.31090104,1,-0.007563507,0.8600676,0.073081562,88.75101507
03-12-2021,-0.030262407,60.44698088,0,-0.014222537,1.094973507,0.622343265,86.47040593
06-12-2021,-0.022535219,60.96924927,1,-0.006465729,1.004888768,0.981177837,86.58730266
07-12-2021,-0.003179742,60.36022126,1,-0.01081548,1.072091112,0.19010765,86.63235324
08-12-2021,0.003406427,60.99611493,1,0.016871416,0.81666916,0.792595116,86.57044529
09-12-2021,0.004463423,61.15459475,1,0.008816398,0.833916806,0.907898794,86.53824519
10-12-2021,0.013496742,62.77196448,1,-7.97E-05,1.086529355,0.943701593,85.94819582
13-12-2021,-0.002963982,62.48749856,1,0.014799441,0.828833734,0.960135604,86.07956106
14-12-2021,-0.010401888,62.13830318,1,0.000773683,0.828502691,0.521459639,86.1090907
15-12-2021,0.001903932,62.564492,1,-0.008612842,0.80484339,0.977307908,86.0645462
16-12-2021,-0.004265602,62.05798735,1,0.015231241,1.182600559,0.757310207,86.13730514
17-12-2021,-0.017833816,60.87255588,1,0.0053891,1.095003344,0.161671436,86.43628315
20-12-2021,-0.027658801,61.73751115,0,-0.010372462,0.941300563,0.476900106,86.00964994
21-12-2021,-0.007198461,60.88580222,1,-0.001903387,0.918614233,0.718331175,86.57811065
22-12-2021,0.001249251,61.17724974,1,-0.008756183,0.939881292,0.247340316,86.37795488
23-12-2021,0.005175005,62.76653452,1,-0.013827997,1.109861412,0.640615184,85.88213449
27-12-2021,0.042782606,70.62659019,1,0.009261775,1.064548244,0.666600479,83.15039254
28-12-2021,0.028157352,77.19642382,1,0.019094166,0.874078227,0.162699744,80.76315812
29-12-2021,0.04949859,80.32006769,1,-0.013985676,0.869643734,0.565085312,79.76620984
30-12-2021,0.058871612,75.70220767,1,0.005629692,0.83935826,0.771626911,81.43210506
31-12-2021,0.041310016,74.19169598,1,-0.006506426,1.064121088,0.498895665,81.86798775
03-01-2022,0.056876469,69.12955288,1,-0.004871254,1.105749065,0.012103117,83.53840298
04-01-2022,0.043964423,67.08734235,1,-0.005923939,0.906018571,0.009038469,84.27678664
05-01-2022,0.002950889,66.89802718,1,-0.008639908,0.808377984,0.357029344,84.41594519
06-01-2022,-0.001097623,66.94946701,1,0.000485216,0.832868667,0.926194068,84.5114284
07-01-2022,0.002052425,66.65378372,1,-0.008309501,1.187144014,0.22867678,84.42109302
10-01-2022,-0.00885607,67.29186671,0,0.002704568,0.918177911,0.634363689,84.10496964
11-01-2022,0.009445254,66.61059864,1,-0.000502381,1.107689259,0.222075871,84.44746345
12-01-2022,0.019909034,64.09470876,1,-0.00238948,1.049865428,0.32166999,85.36178266
13-01-2022,-0.010790219,65.36234515,0,-0.009075637,0.952775856,0.84804209,84.82194711
14-01-2022,-0.00124657,65.58662314,0,-0.005767713,0.882274905,0.728861442,84.73108758
18-01-2022,-0.009420832,69.44132596,0,0.007553912,0.848554567,0.095399277,83.24757706
19-01-2022,-0.007718936,73.59587043,0,0.005009172,1.046005187,0.428702021,81.83552078
20-01-2022,-0.035812382,88.66115244,0,-0.009775552,1.109853512,0.029169764,76.45723857
21-01-2022,-0.063582732,111.6610642,0,0.000993323,1.057561701,0.480890147,68.49107008
24-01-2022,-0.066795214,127.0436357,0,0.007513871,1.012120853,0.662434012,63.14481739
25-01-2022,-0.090737322,141.670372,0,-0.016694053,0.816780489,0.118502624,57.92890679
26-01-2022,-0.091180109,152.5664436,0,0.005433602,1.187395511,0.288884939,54.09247766
27-01-2022,-0.097338712,161.2624697,0,-0.006626238,1.119485677,0.397836626,51.07808145
28-01-2022,-0.072588299,160.0954393,0,0.005705987,0.917128815,0.919531025,51.63186135
31-01-2022,-0.052585165,155.0062686,0,-0.007632592,1.191988132,0.993255015,53.40052972
01-02-2022,-0.05212486,145.9118717,0,-0.018048821,1.040752636,0.044911299,56.40991147
02-02-2022,-0.042590686,135.5864628,0,-0.016275424,1.032969063,0.761007923,60.18175068
03-02-2022,-0.047470766,131.7663203,0,0.000480849,1.099229272,0.371724066,61.42483702
04-02-2022,-0.041634997,126.7322251,0,0.002597225,1.124707915,0.392458186,63.19088975
07-02-2022,-0.041299645,122.2318243,0,-0.009043166,1.062591443,0.754264973,64.85394636
08-02-2022,-0.03185027,117.0546552,0,0.006385925,0.851238299,0.918426432,66.73285349
09-02-2022,-0.026710754,108.8301513,0,-0.016615201,0.935307002,0.950928595,69.61409226
10-02-2022,-0.047027836,95.79683597,0,-0.000660798,1.171233456,0.577122586,74.05887083
11-02-2022,-0.051596504,89.06575012,0,-0.012110162,0.889846245,0.357121159,76.41006022
14-02-2022,-0.05601299,80.10486814,0,-0.006518361,0.94886681,0.787549086,79.62905819
15-02-2022,-0.023167466,76.09234222,0,0.000473987,0.972830753,0.251001383,80.92909684
16-02-2022,-0.012740583,74.47583057,0,-0.008604134,0.975761996,0.564074029,81.56570286
17-02-2022,-0.022858886,76.50092723,0,-0.003845555,1.045175833,0.358578462,80.79915099
18-02-2022,-0.011157457,79.2419223,0,0.010062928,1.177230335,0.656631074,79.88523368
22-02-2022,-0.023892747,85.61638296,0,-0.005768919,0.896277085,0.240398913,77.60180556
23-02-2022,-0.030058922,97.31886311,0,0.008356921,0.848600551,0.191592946,73.49453854
24-02-2022,-0.014076084,101.2834325,0,-0.011297069,0.878988196,0.918239087,72.26251976
25-02-2022,0.013438115,98.65651096,0,0.005298042,1.15476996,0.101803683,72.97983229
28-02-2022,-0.013066813,99.83920558,0,0.014415686,1.058324325,0.505957908,72.65341761
01-03-2022,-0.046348739,102.4337668,0,-0.024716445,0.914362716,0.220852783,71.69857602
02-03-2022,-0.035191596,99.00193226,0,-0.007968953,1.126378776,0.038929963,72.8344125
03-03-2022,-0.049220081,91.4370467,0,0.005770721,1.144547999,0.036018818,75.4745049
04-03-2022,-0.033181869,91.72143751,0,-0.002030454,1.138605735,0.175221772,75.41168177
07-03-2022,-0.066534376,99.06914246,0,0.003711459,1.167570613,0.866770355,72.96648194
08-03-2022,-0.069843665,107.4777753,0,-0.006039852,0.900896408,0.282478744,69.93557854
09-03-2022,-0.053888753,103.3834301,0,0.000865898,1.102016771,0.950459171,71.48672885
10-03-2022,-0.071429537,90.6596701,0,-0.001556772,0.984215799,0.581622293,75.87722416
11-03-2022,-0.066555215,87.45045689,0,0.011677821,1.136799421,0.43661419,76.94945149
14-03-2022,-0.055566931,91.29279808,0,0.002544208,1.091396271,0.580088835,75.64507136
15-03-2022,-0.031628843,89.73603673,0,0.003376027,1.110578979,0.516698385,76.18268496
16-03-2022,-0.025320553,82.25679233,0,-0.00411877,1.062464735,0.758776254,78.86365774
17-03-2022,-0.014154124,76.31852554,0,-0.004876062,0.870971508,0.282496066,80.87466164
18-03-2022,0.018916767,82.84502319,1,-0.004325582,1.018010768,0.353050392,78.80425673
21-03-2022,0.025825112,89.53535078,1,0.003944521,1.193867896,0.894094303,76.55087769
22-03-2022,0.048051485,100.1784966,1,-0.004209845,1.174955227,0.946456513,72.84501318
23-03-2022,0.054606611,101.9186247,1,0.002897749,0.817269494,0.892558227,72.27551349
24-03-2022,0.053969723,109.5775512,1,0.020754008,0.865925926,0.419447994,69.4834939
25-03-2022,0.036128348,118.0856294,1,0.008711247,0.852691509,0.780365503,66.5761425
28-03-2022,0.046086613,128.2530597,1,-0.003260235,1.090391964,0.476335733,62.92229757
29-03-2022,0.075550559,140.8596508,1,0.012012139,1.127114132,0.497539852,58.51351724
30-03-2022,0.049221061,149.5540551,1,-0.004080754,0.885404547,0.204680109,55.43308574
31-03-2022,0.038253763,152.6922342,1,-0.020381245,1.002341077,0.591130303,54.39701954
01-04-2022,0.050126185,155.2732402,1,-0.010080863,1.136281211,0.186135898,53.39167742
04-04-2022,0.090821741,151.9178687,1,-0.018707919,1.093120618,0.331564699,54.61919361
05-04-2022,0.084978518,140.6958546,1,-0.003515135,1.016894882,0.855030202,58.66696101
06-04-2022,0.047516533,135.2403039,1,0.000184184,1.036139076,0.207075809,60.42558892
07-04-2022,0.056506353,127.4170263,1,0.016764373,1.003344219,0.071158285,63.14305037
08-04-2022,0.067542527,111.4236574,1,0.003269274,0.919019381,0.069007593,68.76288236
11-04-2022,0.057372063,86.70170715,0,-0.002191005,1.026008797,0.940784521,77.37860195
12-04-2022,0.031671924,71.76339375,0,0.008294056,1.075554121,0.506920438,82.50310309
13-04-2022,0.020360907,64.93784911,1,-0.022111353,1.149329166,0.409412072,85.07384508
14-04-2022,-0.004324911,66.49250404,0,0.002356146,1.054516542,0.810878581,84.40463109
18-04-2022,-0.016004538,70.56304544,0,0.007708652,1.104448615,0.835825928,82.97206628
19-04-2022,0.000230832,70.53373825,1,-0.014785862,0.864028654,0.332191033,83.12919199
20-04-2022,-0.01156121,71.03924238,1,0.01143754,0.98462299,0.693618057,83.00337052
21-04-2022,-0.014043246,74.24690805,0,0.003384964,0.803732648,0.771122816,81.71138653
22-04-2022,-0.054949463,88.97593603,0,-0.004152879,0.898671546,0.654650687,76.50053451
25-04-2022,-0.054355421,96.80410755,0,0.006327819,1.090584686,0.151595075,73.62432251
26-04-2022,-0.087491656,113.6248023,0,0.022706929,1.196723981,0.875883084,67.85524849
27-04-2022,-0.096649134,119.758215,0,0.001818663,0.83967124,0.539094553,65.68558654
28-04-2022,-0.068430984,116.1206043,0,0.002482206,0.960597726,0.282472426,66.89880295
29-04-2022,-0.087956712,128.1555581,0,-0.004593609,1.120028387,0.425228185,62.68459948
02-05-2022,-0.085897936,133.0207318,0,-0.008498444,0.881614254,0.03757109,60.93345323
03-05-2022,-0.088848381,130.1763987,0,0.008303358,1.02203398,0.127866801,61.92577945
04-05-2022,-0.049711431,123.9469341,0,-0.008560838,1.093228518,0.765546751,64.24818225
05-05-2022,-0.074596876,126.4482453,0,0.000715662,1.04639418,1.16E-05,63.20757457
06-05-2022,-0.083745008,126.8016125,0,-0.004776574,0.875209894,0.416565828,63.19289212
09-05-2022,-0.110741714,137.1911968,0,0.004789798,0.942153827,0.522510181,59.55535884
10-05-2022,-0.093252569,146.7526086,0,0.003336621,1.113516714,0.05463442,56.08983234
11-05-2022,-0.105122342,159.6650644,0,0.010375399,1.021690606,0.973078163,51.76717973
12-05-2022,-0.116158626,165.4876862,0,-0.005100164,0.802091845,0.226125331,49.59950295
13-05-2022,-0.083936804,164.6396672,0,-0.002698749,1.104396304,0.30419872,49.88157717
16-05-2022,-0.087364986,162.4625221,0,-0.009787637,0.814124542,0.303942512,50.68467602
17-05-2022,-0.083671514,148.2665212,0,-0.004442933,1.098293513,0.230416662,55.60301375
18-05-2022,-0.120142672,138.2265936,0,0.003773005,0.880992224,0.001473822,59.08854775
19-05-2022,-0.112177569,132.0104851,0,0.007569886,1.183229392,0.729344794,61.3790387
20-05-2022,-0.086713196,132.9954867,0,-0.009221653,0.947176301,0.9668455,61.12824883
23-05-2022,-0.075037501,125.2439248,0,0.008696059,0.930772647,0.224293483,63.69153613
24-05-2022,-0.055978206,125.6070381,0,0.013556379,0.85955522,0.663047192,63.67252841
25-05-2022,-0.049051612,122.9758761,0,0.004134349,0.922241686,0.741896327,64.60579886
26-05-2022,-0.053564994,109.1812912,0,0.018767958,1.150660305,0.848425379,69.42499573
27-05-2022,0.006367498,110.5672683,0,-0.007737892,1.198533735,0.422629197,68.86797119
31-05-2022,-0.005590339,109.3600762,0,-0.012446547,0.947323812,0.302930906,69.29738079
01-06-2022,-0.017782387,105.5190103,0,-0.017787202,0.979444252,0.325295134,70.63963941
02-06-2022,-0.028684936,91.64452199,0,0.014960443,1.088828375,0.712621333,75.55775133
03-06-2022,-0.009243134,89.3273189,0,0.006543657,1.154478312,0.816779467,76.3901852
06-06-2022,-0.000463136,89.21515829,0,-0.000555847,1.037217734,0.181613968,76.31647387
07-06-2022,0.042453019,93.98630253,0,0.002799686,0.956610279,0.370941008,74.7107259
08-06-2022,0.028672466,95.53798615,0,-0.01125489,0.965048736,0.901940197,74.27471796
09-06-2022,0.021000345,92.64933748,0,0.02445752,1.078247259,0.80669352,75.24308008
10-06-2022,-0.007434956,94.699163,0,0.001292212,0.801287305,0.984858403,74.59453851
13-06-2022,-0.068157931,114.8141417,0,0.001093948,1.047835735,0.75424826,67.44370376
14-06-2022,-0.067996344,131.9418357,0,0.007257666,0.942197204,0.393195201,61.38172861
15-06-2022,-0.073091481,139.5168891,0,0.004810092,1.117678933,0.590637834,58.7435455
16-06-2022,-0.065476776,157.3416083,0,0.00223884,0.837196256,0.661014254,52.55640898
17-06-2022,-0.057924151,171.1702815,0,-0.007904745,1.035280907,0.078455816,47.5658859
21-06-2022,-0.035005758,176.8167597,0,0.004714684,0.992389156,0.544496959,45.69806929
22-06-2022,-0.053818209,182.7134603,0,0.018820245,1.05693021,0.709320828,43.64940234
23-06-2022,-0.036978496,186.1820202,0,0.0134542,0.825941438,0.167321304,42.35941153
24-06-2022,-0.016837029,186.2095111,0,0.015931866,1.031993515,0.780631717,42.45652745
27-06-2022,-0.038870428,184.5118355,0,-0.005112157,1.024593835,0.583772781,43.00613756
28-06-2022,-0.080969392,178.5387608,0,-0.009896048,1.024264038,0.952221786,45.16200541
29-06-2022,-0.075824893,172.6187405,0,-0.001257869,1.041395067,0.042422298,47.04283667
30-06-2022,-0.077013505,168.073479,0,0.000557249,1.070587175,0.265326138,48.67719875
01-07-2022,-0.08415248,154.1775827,0,0.010941915,1.1219956,0.601553879,53.60464586
05-07-2022,-0.067457088,143.8365155,0,-0.016924646,0.907928288,0.296559912,57.2029163
06-07-2022,-0.067051991,129.7186406,0,0.015295503,1.130019764,0.714424164,62.20095079
07-07-2022,-0.062023527,107.4382593,0,-0.001580079,0.999302273,0.759005283,70.03790748
08-07-2022,-0.052575857,85.96778435,0,-0.004268811,0.830823312,0.102515964,77.44863652
11-07-2022,-0.040666365,72.94229167,0,-0.010121044,0.823420372,0.513854464,82.1041451
12-07-2022,-0.021036401,69.90734361,0,-0.016548567,0.933695327,0.508890556,83.15861334
13-07-2022,0.013908078,68.59196837,0,0.008231706,1.113958791,0.36928077,83.57357374
14-07-2022,0.01469688,66.51151597,0,0.00073318,1.083072374,0.932924863,84.42651332
15-07-2022,0.019306099,67.19156609,0,-0.012899609,1.115445986,0.82750632,84.16511263
18-07-2022,0.044747851,57.2104525,0,-0.012950788,1.006907623,0.697209382,87.65838441
19-07-2022,0.071254761,50.673997,1,-0.003357847,0.976079599,0.714326636,90.17424824
20-07-2022,0.051824899,54.49601628,1,0.016690215,0.858981011,0.461716144,88.78903588
21-07-2022,0.063581665,60.15697906,1,-0.002595914,0.931277101,0.920994521,86.89914357
22-07-2022,0.043706982,62.28611179,1,-0.01503143,0.973607746,0.694595427,86.09453924
25-07-2022,0.014085828,65.4647923,1,-0.002457431,0.835440172,0.728981062,84.99545068
26-07-2022,0.005369064,66.12480916,1,-0.002727236,0.888244781,0.861690904,84.78171615
27-07-2022,0.052873849,73.12468355,1,-0.026968866,1.039290118,0.274071589,82.20492005
28-07-2022,0.066407734,82.95657026,1,-0.000542949,1.094265246,0.807070904,78.86603169
29-07-2022,0.091116392,94.17416622,1,-0.002309345,1.199339005,0.195240603,74.80192385
01-08-2022,0.076673071,102.4819297,1,0.006962064,1.173245333,0.345341952,71.92044009
02-08-2022,0.067808304,106.2036872,1,0.018489561,1.05702608,0.335610454,70.62617317
03-08-2022,0.080645874,114.0561931,1,0.01126565,0.968499221,0.978525468,68.02837349
04-08-2022,0.06388524,121.4293207,1,-0.002688887,1.054470946,0.856537224,65.40385564
05-08-2022,0.063038244,126.5202406,1,-0.011065259,1.114260647,0.701169862,63.58027447
08-08-2022,0.074104377,127.7569103,1,0.025733598,0.847334476,0.727056762,63.18861555
09-08-2022,0.079519787,123.8330538,1,0.000592184,0.963961956,0.562072794,64.5175996
10-08-2022,0.1074392,121.5000865,1,0.000139293,1.135920914,0.947090667,65.40154669
11-08-2022,0.109986373,113.8302293,1,-0.000241251,0.953533181,0.496258753,68.02015278
12-08-2022,0.107940132,115.9036761,1,0.001980848,1.028748908,0.38051771,67.25789873
15-08-2022,0.12171973,111.8324598,1,-0.001443604,1.035107744,0.163035337,68.64280895
16-08-2022,0.093609164,114.7750871,1,-0.00573662,0.873790501,0.786205652,67.75630578
17-08-2022,0.079330323,114.2189847,1,-0.005468589,0.944894177,0.734443932,67.92523371
18-08-2022,0.071216266,114.9451099,1,-0.000327533,0.933804515,0.384355039,67.59526778
19-08-2022,0.067358664,108.0770496,1,-0.005434248,0.810478683,0.025193414,69.94240326
22-08-2022,0.043145209,98.65483961,1,-0.007128458,0.809676706,0.838997328,73.40606096
23-08-2022,0.052965387,80.99622934,1,0.001064302,1.132678817,0.011417983,79.37521344
24-08-2022,0.029118108,73.32962983,1,-0.002549772,0.909228324,0.70369978,82.22990868
25-08-2022,0.031109236,68.78326614,1,0.01503993,1.007231506,0.97025711,83.86309364
26-08-2022,-0.017584752,73.69832886,1,-0.026509698,0.919490229,0.437661328,82.03038849
29-08-2022,-0.02137113,80.1389731,1,0.010915069,1.176271698,0.234973405,79.68898166
30-08-2022,-0.025672245,89.15485828,0,0.012460852,0.903718704,0.70487101,76.45563216
31-08-2022,-0.048173703,101.7398315,0,-0.020733902,0.971862725,0.817128142,72.05774749
01-09-2022,-0.044579124,110.9089002,0,-0.003426876,1.1490921,0.546430316,68.76279076
02-09-2022,-0.053297903,122.3347395,0,-0.003714409,1.136773427,0.967035275,64.84727089
06-09-2022,-0.056006462,133.2110608,0,-0.014075117,0.874440567,0.051668722,60.88199944
07-09-2022,-0.034590935,137.5064687,0,-0.007778167,1.121057324,0.504795598,59.44455993
08-09-2022,-0.048467615,138.422095,0,-0.011105758,0.983274755,0.718453947,59.1836232
09-09-2022,-0.033254322,137.0350879,1,0.017522704,0.993187549,0.862640471,59.90993603
12-09-2022,-0.03965743,130.9240265,1,0.009356784,0.853391989,0.179255612,61.92558043
13-09-2022,-0.084812267,127.2631125,0,0.012715551,0.832240606,0.800003482,63.11501236
14-09-2022,-0.083431703,119.0636088,0,0.007216721,1.091175723,0.552707076,65.90041003
15-09-2022,-0.087198514,113.3574224,0,-0.011290518,0.998584461,0.396553682,67.88079702
16-09-2022,-0.095806499,104.5915244,0,-0.005245203,0.974740281,0.131715029,70.89543162
19-09-2022,-0.077708796,96.26568972,0,0.004893746,1.091803291,0.865295759,73.95479917
20-09-2022,-0.068163598,96.82078407,0,-0.012221278,1.10620516,0.157273208,73.61524713
21-09-2022,-0.082059144,101.44688,0,0.007129984,0.863563267,0.309787859,72.05313599
22-09-2022,-0.092441751,104.8894118,0,-0.002403254,1.04409006,0.290045532,70.81541937
23-09-2022,-0.120475272,104.5378068,0,-0.003748208,0.854141633,0.871414034,71.07777348
26-09-2022,-0.099224647,117.1061017,0,0.0071096,1.100550034,0.672702994,66.60454409
27-09-2022,-0.095102245,127.574535,0,0.004442633,1.062782063,0.796681397,62.97046795
28-09-2022,-0.067011831,131.2218744,0,-0.003609662,1.182645848,0.250467899,61.57211653
29-09-2022,-0.079527188,140.2344,0,0.011593298,0.827583207,0.6248741,58.53683192
30-09-2022,-0.096103954,150.9826878,0,-0.010810633,0.822821888,0.571745983,54.75838221
03-10-2022,-0.062643677,154.138687,0,0.006159356,0.91287483,0.832830377,53.70439152
04-10-2022,-0.030003662,153.3326367,0,0.005931013,0.904682273,0.90608706,54.01477472
05-10-2022,-0.049396106,149.2330761,0,-0.003095464,0.89879152,0.012156771,55.25831342
06-10-2022,-0.065314069,143.0925701,0,0.00326133,1.162501832,0.674019919,57.5051189
07-10-2022,-0.105154248,133.224471,0,-0.012511136,0.89981848,0.051835799,60.85634433
10-10-2022,-0.121160722,113.7843266,0,0.00924027,0.90877989,0.548858665,67.76106859
11-10-2022,-0.087433756,111.8577871,0,-0.001849021,1.103759305,0.287632729,68.36710408
12-10-2022,-0.093507107,106.4152407,0,-0.00522723,0.979895937,0.3067766,70.29343366
13-10-2022,-0.059323101,98.11220468,0,0.010490092,1.110684223,0.352958503,73.20326135
14-10-2022,-0.074938103,94.08726445,0,-0.007043437,0.826146463,0.621292449,74.70651533
17-10-2022,-0.056909284,80.89012036,0,-0.014084613,0.995028477,0.334049966,79.25293025
18-10-2022,-0.035257371,70.81294208,0,-0.015566292,0.81344544,0.732699051,82.90014166
19-10-2022,-0.025005744,65.91098084,0,0.0060601,0.825061281,0.404527386,84.54732551
20-10-2022,-0.024537043,62.8042142,0,-0.012804294,1.162574981,0.0683532,85.5205244
21-10-2022,0.01611598,65.40020221,0,0.017547942,0.855698148,0.783759842,84.8144719
24-10-2022,0.038932555,71.0298581,0,-0.020819294,1.012968273,0.285758325,82.72897848
25-10-2022,0.058076014,81.19955906,0,0.016964564,0.964438241,0.43276688,79.20549525
26-10-2022,0.029997004,86.99239051,0,0.002110175,0.938937331,0.685443883,77.22510996
27-10-2022,0.045826522,89.48736756,0,-0.000967131,1.159933338,0.332456157,76.25189827
28-10-2022,0.087973609,95.32146662,1,-0.005449191,0.808729359,0.056585656,74.42493756
31-10-2022,0.052617571,100.6861597,1,0.003991361,1.065515874,0.373921047,72.56261651
01-11-2022,0.017191076,103.820986,1,-0.000376347,1.185357774,0.944448583,71.55576819
02-11-2022,-0.006235353,103.3369071,0,0.011033019,1.024067273,0.641734397,71.46432783
03-11-2022,-0.006577646,103.3079287,0,0.001142276,1.174728985,0.671479149,71.46088582
04-11-2022,0.035962189,101.4611696,0,0.001503018,0.820903152,0.632282154,72.16402568
07-11-2022,0.053817601,98.27588997,1,-0.003636122,0.967517328,0.198992139,73.38542244
08-11-2022,0.066670571,92.59508654,1,-0.000569456,0.904063116,0.418333864,75.43455848
09-11-2022,0.047955996,82.37891707,0,0.003078018,1.092328386,0.750939798,78.83970525
10-11-2022,0.078056468,89.38245054,1,-0.017101684,1.192518836,0.101372898,76.45925531
11-11-2022,0.114387901,88.73949373,1,-0.013481854,0.902612025,0.277852776,76.7744302
14-11-2022,0.075939056,90.33471867,1,0.007432641,1.061669841,0.276319108,76.17658927
15-11-2022,0.073051468,95.59562839,1,0.001708654,0.879239053,0.432018928,74.39169587
16-11-2022,0.071344714,94.41714138,1,-0.001839833,1.026132102,0.980368741,74.89910988
17-11-2022,0.076594893,87.51533457,1,0.000184339,0.985572995,0.067502547,77.13227838
18-11-2022,0.056649147,87.26647048,1,0.003475817,1.188802132,0.518700994,77.27836979
21-11-2022,0.040185985,87.58997019,1,-0.005397597,1.043410909,0.179364682,77.10956761
22-11-2022,0.037436084,92.14204391,1,-0.007783047,0.939802549,0.970676545,75.69512368
23-11-2022,0.051339192,96.8366203,1,0.001958453,0.845638314,0.113303505,73.88703507
25-11-2022,0.057473818,99.21568938,1,-0.009783728,0.860498731,0.403601002,73.11634179
28-11-2022,0.016118666,100.1782516,1,0.004082528,0.890126772,0.737884985,72.82882293
29-11-2022,0.02212044,100.5191513,1,-0.017025836,0.900386665,0.704554428,72.70601774
30-11-2022,0.058092374,106.5706993,1,0.010291556,1.140246423,0.422728637,70.50199853
01-12-2022,0.08428358,104.9384618,1,0.004725975,1.024489115,0.346524168,71.08395346
02-12-2022,0.094575396,95.82578576,1,0.002560297,1.009356365,0.397612379,74.29302452
05-12-2022,0.060545553,85.90796357,1,0.00982691,0.845907549,0.264276263,77.74932079
06-12-2022,0.035320994,77.71280312,1,0.016654744,1.144055877,0.205332939,80.55624443
07-12-2022,0.027640222,70.67524102,1,0.010143701,1.089125721,0.483039698,83.08589491
08-12-2022,0.057339182,46.12101834,1,-0.018408742,0.827067345,0.268533756,91.69363718
09-12-2022,-0.005558184,47.16916632,1,-0.01279577,1.083134039,0.287461665,91.27173212
12-12-2022,-0.000593517,47.15664055,1,-0.006248186,1.017415287,0.656756063,91.36377221
13-12-2022,0.015768501,47.15249247,1,0.000260911,0.832690138,0.968537332,91.4614628
14-12-2022,0.000899381,47.16597801,1,0.00517659,0.983320257,0.603637201,91.35303585
15-12-2022,-0.015924067,51.30386978,1,-0.007257438,0.993878515,0.076979467,89.78714371
16-12-2022,-0.023868876,58.97223291,0,0.001867668,0.866309816,0.075583614,86.90413574
19-12-2022,-0.037242752,69.52118528,0,-0.007553829,1.178279259,0.951423221,83.3456954
20-12-2022,-0.032486525,77.42757654,0,-0.006115178,1.139990149,0.29729079,80.44530962
21-12-2022,-0.031257059,79.48006684,1,-0.014066611,1.067608935,0.092066986,79.90503269
22-12-2022,-0.050870844,83.75819857,0,-0.009232332,0.984918224,0.599044587,78.30675157
23-12-2022,-0.045030959,85.12371983,0,-0.013516846,0.964706217,0.623648778,77.83903944
27-12-2022,-0.033978805,88.63711025,0,-0.009758733,1.060389387,0.64850482,76.60340934
28-12-2022,-0.044069283,94.79264482,0,0.010536418,1.018172748,0.267402028,74.36646905
29-12-2022,-0.056574473,89.12509234,0,-0.009493989,0.824909242,0.015110684,76.32437392
30-12-2022,-0.058154297,82.14031813,0,0.026323821,1.00500106,0.965015369,78.94009371
03-01-2023,-0.060800172,73.79508642,0,0.004933179,1.122561447,0.250893046,81.69904706
04-01-2023,-0.036478107,69.7563311,0,0.001848361,0.983695951,0.676026288,83.23165157
05-01-2023,-0.033786127,70.40545503,0,-0.008583578,0.820782631,0.70662987,83.03591969
06-01-2023,-0.009873064,69.30429644,0,0.007003099,1.11451128,0.610007417,83.3663967
09-01-2023,-0.018019362,66.3286036,0,-0.005756378,0.880545513,0.312907394,84.37809711
10-01-2023,-0.003845557,65.66662699,1,0.001220098,0.903448334,0.271096254,84.81217615
11-01-2023,-0.005249877,63.80950303,1,0.025600845,0.865882541,0.597668283,85.53275119
12-01-2023,-0.009075412,59.71225045,1,-0.000960599,0.932086026,0.866095634,87.01760403
13-01-2023,0.000943609,60.13743874,1,0.011492733,1.102700602,0.946733729,86.86346084
17-01-2023,0.024442013,65.87169717,1,-0.007031764,1.007754344,0.105905804,84.70206577
18-01-2023,0.019857957,66.78509712,1,-0.000349885,0.88195251,0.154828613,84.40745737
19-01-2023,0.021267003,65.41129359,0,0.017708006,1.151132031,0.944736259,84.80480599
20-01-2023,0.039509419,66.83014045,1,-0.006269671,1.151832742,0.736535228,84.48384275
23-01-2023,0.036450253,72.85012345,1,0.018124486,1.14823137,0.882993825,82.40175343
24-01-2023,0.050900108,75.42646652,1,0.007077519,0.895518485,0.202632634,81.3982401
25-01-2023,0.044579434,77.82275055,1,-0.005624668,0.980495738,0.587585871,80.62735781
26-01-2023,0.060372118,81.57968267,1,0.006324077,1.193995862,0.701139594,79.30905851
27-01-2023,0.075951198,80.4026531,1,0.009725544,1.108804991,0.680111885,79.73388776
30-01-2023,0.043771819,79.1729335,1,0.0062181,0.810866968,0.408151691,80.13848092
31-01-2023,0.061752858,79.69466176,1,-0.015702247,0.826081837,0.015394892,79.88039745
01-02-2023,0.077159852,80.40117294,1,-0.007271372,0.985572551,0.582926057,79.73405208
02-02-2023,0.084815038,87.13277488,1,-0.002475186,1.163688082,0.253101539,77.28359923
03-02-2023,0.086231946,81.45984306,1,-0.000744334,1.015480719,0.450254246,79.33337092
06-02-2023,0.055454572,79.98269831,1,0.006206721,0.999125003,0.957581015,79.94800677
07-02-2023,0.069862184,80.38939877,1,0.00177701,0.84218948,0.399035318,79.71579226
08-02-2023,0.050675477,77.88306877,1,-0.013353444,1.062712042,0.839801607,80.65093827
09-02-2023,0.02818662,76.37614709,1,0.003801979,1.128841264,0.188540606,81.0223987
10-02-2023,0.026935843,75.33722597,1,0.006105857,0.952168003,0.672460498,81.51205796
13-02-2023,0.034557849,76.41867957,1,0.005597904,1.11024474,0.977006954,81.17781185
14-02-2023,0.036372088,76.3744204,1,0.010807807,1.185790662,0.101893101,80.99869696
15-02-2023,0.055675179,70.92526982,1,0.008339222,0.881506584,0.008319942,82.93769213
16-02-2023,0.049132388,56.9339754,1,0.004591801,1.009331852,0.433582793,87.9087539
17-02-2023,0.026803532,50.13490602,1,-0.000701657,0.914855183,0.092625483,90.22506009
21-02-2023,-0.005589809,52.08604607,1,-0.016609609,1.117141768,0.74838435,89.64191605
22-02-2023,-0.006447654,54.33253661,1,0.004296182,1.031037346,0.914548664,88.89869896
23-02-2023,-0.000971038,54.62143019,1,0.002076877,1.053832967,0.434020973,88.69552906
24-02-2023,-0.022261163,60.67476658,0,0.002715788,1.119165664,0.258711642,86.3112175
27-02-2023,-0.021697277,64.94641308,1,-0.012767486,0.958388189,0.434403319,85.08681073
28-02-2023,-0.011852375,68.21245302,0,-0.010810565,1.166036027,0.723447818,83.76731213
01-03-2023,-0.03071437,73.9962242,0,0.010531529,1.013211547,0.009054162,81.60283151
02-03-2023,-0.03346755,75.88838735,0,-0.000395552,0.863181929,0.589453989,81.08356235
03-03-2023,-0.032087938,71.11771771,1,0.006815007,1.078359647,0.613291685,82.93931776
06-03-2023,-0.021288646,68.80028441,1,0.000283184,1.11730454,0.637688247,83.75551763
07-03-2023,-0.030335084,69.12627779,0,0.000297561,0.926704671,0.24202208,83.37150089
08-03-2023,-0.041304032,64.62255275,0,0.009382838,1.142871703,0.714052723,85.01303086
09-03-2023,-0.04845716,67.38391688,0,-0.005160447,1.162457302,0.091391486,83.91159586
10-03-2023,-0.05387968,76.00673213,0,0.000961208,0.910761795,0.199270336,80.94608427
13-03-2023,-0.057377398,82.32355031,0,-0.004622753,1.193408589,0.877470047,78.83571157
14-03-2023,-0.052691496,78.61426089,0,-0.004344962,0.856284611,0.738723151,80.1548092
15-03-2023,-0.059040687,74.70627849,0,-0.003091721,0.880806267,0.013745554,81.36561444
16-03-2023,-0.045163483,64.2008912,0,0.002221338,0.873689936,0.24837626,85.10023591
17-03-2023,-0.0424823,59.3724652,0,-0.004787486,1.157595884,0.214406483,86.74670283
20-03-2023,-0.031261879,53.17576131,0,0.012557561,1.061717021,0.270806328,88.94428864
21-03-2023,0.001383427,53.39306072,0,-0.008946073,0.860841713,0.24755977,88.90587648
22-03-2023,-0.013550338,53.13117869,0,-0.001868716,0.976129367,0.062526296,88.93634761
23-03-2023,-0.015851202,51.57410418,0,-0.004397311,1.04611921,0.458940517,89.55487629
24-03-2023,0.00023928,51.58952913,0,0.014469779,0.833385634,0.732733475,89.63982334
27-03-2023,-0.001182742,51.46744209,0,0.001965548,1.152966547,0.606731725,89.61258053
28-03-2023,0.000282135,51.48610095,0,0.010318445,1.121441414,0.672871669,89.62370613
29-03-2023,0.019340072,54.02074244,1,-0.014855604,1.002082709,0.081149179,88.84852857
30-03-2023,0.017451362,57.69263364,1,0.002670503,1.186850646,0.95149071,87.71613919
31-03-2023,0.015737972,63.9799844,1,0.008896308,0.967104392,0.838491834,85.51915677
03-04-2023,0.018794948,71.07516056,1,0.00082284,1.193644128,0.805090318,82.99705041
04-04-2023,0.028655137,76.91702779,1,0.010654804,1.067168,0.822983805,80.97411901
05-04-2023,0.02464169,81.12948417,1,-0.005172885,1.053868509,0.932710508,79.52417282
06-04-2023,0.047647958,84.41132111,1,0.014093474,0.866381958,0.544253966,78.32447962
10-04-2023,0.06409789,82.92725722,1,0.022988981,1.152771103,0.200282018,78.73645548
11-04-2023,0.065662783,78.79949667,1,-0.003628386,0.970995875,0.616783608,80.29976366
12-04-2023,0.044053875,77.35334379,1,-0.004455025,0.864893362,0.742881494,80.84029012
13-04-2023,0.065337837,75.66639824,1,0.014533845,0.805043008,0.737917393,81.44339023
14-04-2023,0.044784739,76.82338145,1,0.015795721,1.023902273,0.521449024,80.95453817
17-04-2023,0.05991869,74.23444447,1,-0.0052286,1.010959849,0.068458719,81.77632841
18-04-2023,0.051447917,73.13950987,1,-0.004201868,1.087741449,0.371112938,82.20964412
19-04-2023,0.037885292,74.12170423,1,-0.002817846,1.156103221,0.920766608,81.96657374
20-04-2023,0.048976769,67.70072859,1,-0.013444505,0.831762634,0.58444891,84.19606819
21-04-2023,0.046799988,60.64278398,1,-0.009186519,1.092598596,0.538331943,86.62096696
24-04-2023,0.041815781,54.18203172,1,-0.010041408,0.874964778,0.268853514,88.85649141
25-04-2023,0.023657861,46.4683107,1,-0.007677976,1.143270821,0.36844892,91.53536564
26-04-2023,0.021333218,36.37015073,1,-0.000346849,1.127625406,0.895346089,95.18399717
27-04-2023,0.026699382,31.23674745,1,0.002342147,1.016317502,0.666463048,96.95129486
28-04-2023,0.029290269,29.64942112,1,0.015505005,1.084097119,0.787387027,97.52234082
01-05-2023,0.014250582,31.29471129,1,-0.00998354,0.925740045,0.454345423,96.89646293
02-05-2023,-0.001195218,31.30813395,1,0.009843224,0.98846716,0.630247219,96.91175454
03-05-2023,-0.002402111,31.76219165,1,-0.002139888,1.128654759,0.248383609,96.6540405
04-05-2023,-0.007128901,33.93563074,1,-0.000494637,0.983706079,0.70546083,96.00715018
05-05-2023,0.007607754,33.85143021,1,0.006748195,0.943119306,0.427601334,95.98807872
08-05-2023,0.007059985,33.8395981,1,-0.01122722,0.997684979,0.442545515,95.99004565
09-05-2023,0.002489688,33.66726786,1,0.003824097,1.131299701,0.649322325,96.07144461
10-05-2023,0.011165871,32.83842544,1,0.001664522,0.934083219,0.936280621,96.45309276
11-05-2023,-0.003762487,32.55185041,1,0.004924513,0.869504637,0.064006347,96.37350463
12-05-2023,-0.003277245,32.45126752,1,0.002891686,1.084805608,0.824743237,96.53892424
15-05-2023,-0.003622954,32.00336488,1,0.024553001,1.130391285,0.29238311,96.57439081
16-05-2023,-0.010823495,31.38196012,1,-0.0063774,0.840254991,0.443919455,96.8663965
17-05-2023,0.001022982,31.62053831,1,-0.00530997,0.895949645,0.021913329,96.69031429
18-05-2023,0.016528629,35.78435998,1,-0.006231405,0.856788796,0.301046078,95.30138571
19-05-2023,0.0141429,38.65481395,1,-0.005554771,0.939176565,0.502631243,94.32571946
22-05-2023,0.013437106,41.14479888,1,-0.006373871,0.980140392,0.056176077,93.35372894
23-05-2023,0.018162308,38.65624116,1,0.011890165,1.099530535,0.491095729,94.29928869
24-05-2023,0.014608084,34.22043033,1,0.014205042,1.060459034,0.927110629,95.94876892
25-05-2023,0.003852077,34.31801442,1,-0.005707463,1.048371427,0.105393218,95.74258407
26-05-2023,0.008627027,36.81145545,1,-0.008323556,0.940949979,0.764440728,95.02471148
30-05-2023,0.009033367,39.12002663,1,0.004714156,1.136579021,0.409671053,94.1123194
31-05-2023,0.014625277,39.50666072,1,-0.00552223,0.988514867,0.655173715,94.05261866
01-06-2023,0.031845021,40.57012666,1,0.006329318,1.191641975,0.260236598,93.57296792
02-06-2023,0.054454117,44.23070332,1,0.00202923,1.053656855,0.159492263,92.29729724
05-06-2023,0.033252352,50.00615562,1,-0.015157441,0.850505897,0.160462614,90.29772358
06-06-2023,0.035216469,55.31866724,1,0.015475052,1.070471025,0.070491946,88.38333518
07-06-2023,0.036014561,56.91644895,1,0.017958777,0.930041606,0.185646705,87.86742248
08-06-2023,0.037772748,60.5994103,1,-0.006127887,1.074530879,0.664219385,86.66156231
09-06-2023,0.0407299,63.05550133,1,-0.003877016,0.827856459,0.881690612,85.88215374
12-06-2023,0.05209649,67.27856448,1,0.002858654,0.869952575,0.814125686,84.38569092
13-06-2023,0.056265531,73.25555974,1,0.003344568,1.142294904,0.68513431,82.2279798
14-06-2023,0.063916384,75.21154793,1,0.006585443,0.890871823,0.110431863,81.45942951
15-06-2023,0.064218464,83.75635579,1,0.020102045,1.13481645,0.289187446,78.46765974
16-06-2023,0.050390074,89.89448129,1,-0.001769472,0.911710435,0.309806875,76.35120207
20-06-2023,0.046930086,92.63841594,1,-0.007982972,1.057152764,0.249956946,75.35666025
21-06-2023,0.041277209,93.00702143,1,-0.013793192,1.077660229,0.51500566,75.27920287
22-06-2023,0.057002893,90.03045747,1,-0.0073093,1.005061901,0.535553815,76.34102899
23-06-2023,0.056640641,80.59926093,1,-0.00033127,0.922124271,0.356885975,79.61787795
26-06-2023,0.042767544,72.34026935,1,0.017945579,0.885057751,0.353789159,82.50824542
27-06-2023,0.041127573,69.19242082,1,-0.005176113,0.813275742,0.828555598,83.72349728
28-06-2023,0.040741655,64.63472227,1,0.00223788,0.92157856,0.789292848,85.29552297
29-06-2023,0.051822648,55.81892285,1,-0.000164229,1.061265116,0.307795832,88.26726578
30-06-2023,0.054337545,53.57743526,1,0.011883933,1.175321927,0.913788444,89.16307491
03-07-2023,0.040449499,55.75531397,1,0.025269324,1.148481793,0.952815017,88.4053553
05-07-2023,0.040486262,55.05307632,1,-0.005308688,1.106425911,0.326742542,88.52995677
06-07-2023,0.029818911,51.99103823,1,-0.004894394,1.115378937,0.354424949,89.60340245
07-07-2023,0.030797788,45.56086159,1,0.010441609,1.065993961,0.505634153,91.8928838
10-07-2023,0.026921632,40.9142327,1,0.006818915,0.904114743,0.941120813,93.63403341
11-07-2023,0.0326598,36.70808995,1,0.018467073,1.162878012,0.876319433,95.05800469
12-07-2023,0.030705721,38.12359616,1,0.005839282,1.068292925,0.102567963,94.41383707
13-07-2023,0.032279688,44.36425593,1,-0.003592921,1.024176252,0.392730743,92.29668669
14-07-2023,0.030377896,48.47715361,1,0.005906548,0.844395788,0.55337119,90.91283791
17-07-2023,0.021905491,54.13374571,1,0.011087036,0.978822218,0.503132473,88.89816089
18-07-2023,0.032971352,61.88818469,1,0.008204822,0.984143308,0.193863068,86.12019745
19-07-2023,0.040333095,68.41678383,1,0.00507274,1.145825444,0.858816771,83.95326155
20-07-2023,0.03875222,69.71466717,1,0.010666747,1.018659288,0.676940783,83.47684737
21-07-2023,0.03524728,70.96409605,1,0.011692956,0.95216022,0.837908375,83.08093436
24-07-2023,0.047445814,70.0651728,1,0.01382159,1.190720131,0.858764279,83.37077062
25-07-2023,0.055128221,66.32516015,1,0.006487099,0.844288237,0.748355854,84.71000816
26-07-2023,0.043015578,65.34027885,1,-0.001671181,0.969019371,0.439210601,84.96946951
27-07-2023,0.036681616,61.24036458,1,0.001467137,0.81680987,0.610546755,86.46041215
28-07-2023,0.042259201,60.0851295,1,0.01206509,1.095961648,0.160365406,86.7318373
31-07-2023,0.031138932,61.88613053,1,-0.008169357,1.167230621,0.673645417,86.19775917
01-08-2023,0.02718835,62.4048411,1,0.003686733,0.912014932,0.179253256,85.94484863
02-08-2023,0.014970319,60.36768688,1,-0.003933388,1.143336671,0.693949591,86.73105037
03-08-2023,0.020468878,55.18721045,1,0.000287448,0.916887292,0.229598161,88.48131168
04-08-2023,0.017976923,48.31376279,1,0.012784519,1.164308065,0.1175513,90.82833565
07-08-2023,0.024698814,39.91055303,1,0.001910991,1.101584761,0.16528449,93.79480338
08-08-2023,0.013542825,34.50543868,1,0.000464365,1.121962711,0.001992135,95.64741081
09-08-2023,-0.000995089,34.93941307,1,-0.013598561,0.807202622,0.718739618,95.68701927
10-08-2023,-0.009137383,37.55397558,1,0.007462536,1.185124143,0.732401049,94.71521116
11-08-2023,-0.0091823,40.15039196,1,0.006454842,1.090668397,0.51493335,93.77330046
14-08-2023,-0.007311819,41.13316432,1,0.021632547,0.921900438,0.161362801,93.37688161
15-08-2023,-0.025712543,45.27487417,0,-0.003077782,1.131757866,0.083554338,91.66704697
16-08-2023,-0.035348232,51.16891252,0,0.002191503,0.912608479,0.019128966,89.61533234
17-08-2023,-0.036276729,60.14851314,0,0.002493837,1.149101536,0.165748177,86.46695834
18-08-2023,-0.036732231,66.91721828,0,0.015774533,0.845032156,0.890855535,84.2887789
21-08-2023,-0.034002712,68.93525566,0,-0.000952955,1.081474391,0.241536842,83.41551991
22-08-2023,-0.039389542,70.04550494,0,0.002790215,1.016279391,0.354271327,83.05700279
23-08-2023,-0.028628726,67.69825275,0,0.006078965,0.838613788,0.105345484,83.85516249
24-08-2023,-0.035504857,69.3966249,0,0.001866091,0.896757531,0.222361305,83.2748274
25-08-2023,-0.038522732,64.99724803,0,-0.004464336,0.804961615,0.519224571,84.89108355
28-08-2023,-0.03391834,57.32366858,0,0.0019409,0.987507186,0.607752683,87.57299425
29-08-2023,-0.017283103,50.43084369,1,0.010736317,0.920506104,0.245352314,90.13565148
30-08-2023,0.000327909,50.53590932,1,-0.010265153,1.039342994,0.057732159,90.05186993
31-08-2023,0.001281688,50.88658161,1,0.001329697,0.918895123,0.391032869,90.01466761
01-09-2023,0.008427866,52.78698537,1,-0.007001208,0.919967645,0.234203371,89.31948511
05-09-2023,-0.004782594,51.47960923,1,0.011950466,1.097277279,0.219553923,89.74226982
06-09-2023,-0.00753435,50.21253437,0,-0.015231869,0.819257134,0.959862803,90.17336328
07-09-2023,-0.003708796,49.96240467,0,-0.005589218,1.161157998,0.616300486,90.14085424
08-09-2023,-0.002537542,49.73733536,0,0.003772119,1.14090555,0.556878443,90.2091459
11-09-2023,0.005244152,50.50167673,1,0.01565524,1.067121873,0.415775104,90.13331629
12-09-2023,-0.006196447,49.58714051,0,-0.000657503,1.037288628,0.428944333,90.24872938
13-09-2023,0.006665393,49.83932959,0,-0.005551995,1.156920999,0.540905004,90.17234468
14-09-2023,0.022879761,50.56400219,1,0.018811571,0.874132072,0.696429807,90.20325182
15-09-2023,0.018295967,46.93531339,0,-0.014480139,0.831587665,0.702146096,91.27446809
18-09-2023,0.019182011,42.51138685,0,-0.02198806,0.895804068,0.171693908,92.70510317
19-09-2023,0.010041474,40.39044958,0,0.004400145,1.117831311,0.500112752,93.47911694
20-09-2023,0.003339082,39.10497707,0,-0.005020542,0.813868107,0.411958095,93.95247286
21-09-2023,-0.02389755,48.74020801,0,-0.010212328,1.033122734,0.870526966,90.63395959
22-09-2023,-0.012853294,54.83496447,0,0.007083564,1.198175006,0.631418921,88.4269368
25-09-2023,-0.015495804,59.85461719,0,0.002438007,1.142278438,0.532504066,86.65524613
26-09-2023,-0.036040852,71.68972724,0,-0.005640786,1.008578276,0.115394642,82.43423212
27-09-2023,-0.049608377,79.50955997,0,-0.012803044,0.825456364,0.605637889,79.81978492
28-09-2023,-0.047658054,82.05669964,0,0.008724573,1.132549406,0.117203906,78.77945632
29-09-2023,-0.048719367,84.38041043,0,0.006502012,1.039591403,0.337206576,78.02463404
02-10-2023,-0.050352405,84.56888848,0,-0.000991759,0.845973199,0.142841965,77.94536307
03-10-2023,-0.059459637,89.09089671,0,0.01846637,0.837542914,0.692073647,76.47194417
04-10-2023,-0.04517543,90.82572486,0,-0.010700848,1.163850728,0.206252114,75.72546118
05-10-2023,-0.043348488,92.46370634,0,-0.015255252,1.067680105,0.391859373,75.20541909
06-10-2023,-0.033424691,90.5703465,0,-0.006919081,1.13171472,0.895674778,75.96792247
09-10-2023,-0.033827556,85.28369515,0,-0.00045586,1.15159156,0.204316383,77.67076586
10-10-2023,-0.023232181,81.14819522,0,0.002433394,1.028708941,0.507805064,79.2038077
11-10-2023,-0.020255392,76.30510891,0,-0.002412361,1.006978541,0.419271661,80.88656968
12-10-2023,-0.034514268,65.78026267,0,0.003520554,0.972170964,0.018124041,84.48831136
13-10-2023,-0.027535108,59.60665872,0,-0.012515394,0.926778635,0.792758114,86.82488699
16-10-2023,-0.017940803,52.90886325,0,0.014437646,0.973838384,0.069045906,89.01209634
17-10-2023,-0.01592052,46.27380852,0,-0.000821512,1.109551862,0.474255021,91.40545233
18-10-2023,-0.019899163,41.8642422,0,0.011172958,1.040769372,0.560678295,92.97491673
19-10-2023,-0.012009238,42.43318583,0,0.003427253,1.157009316,0.628426457,92.77740848
20-10-2023,-0.022198743,46.6220966,0,0.004567532,0.977352006,0.688631629,91.3440716
23-10-2023,-0.027758287,50.08413622,0,0.005697673,1.042835831,0.253272384,90.02847899
24-10-2023,-0.006048772,51.1431044,0,0.004477086,1.052523021,0.009978777,89.61278815
25-10-2023,-0.020526271,56.83300741,0,0.006427228,1.036678865,0.723443662,87.76636953
26-10-2023,-0.037786405,66.84968979,0,0.013291525,1.081053509,0.535656599,84.20468224
27-10-2023,-0.039803569,76.83616177,0,0.001965212,0.894973387,0.836117703,80.79638386
30-10-2023,-0.028348706,80.70792588,0,0.007090038,1.004945511,0.821388363,79.42483713
31-10-2023,-0.008429084,82.08447607,0,-0.000897357,0.841689921,0.843326168,78.97819627
01-11-2023,-0.006072152,82.39922857,0,0.014401172,0.953804531,0.48509466,78.77560942
02-11-2023,0.013994172,83.05662998,0,-0.006763923,0.995066827,0.333628396,78.51768899
03-11-2023,0.011567795,84.93168525,1,0.018009404,1.060889704,0.791558203,78.15372533
06-11-2023,0.006993127,86.33741913,1,-0.00040158,1.180212421,0.451294113,77.57401361
07-11-2023,0.004621051,87.45556272,1,-0.014307751,1.040260427,0.183442196,77.14674065
08-11-2023,0.001331884,87.81467292,1,0.001281044,1.097437566,0.85497402,77.15073891
09-11-2023,-0.000519533,87.71832856,1,-0.006810517,1.002506424,0.882559877,77.20407555
10-11-2023,0.02020908,92.41998725,1,0.008406435,1.053641613,0.466309756,75.46748861
13-11-2023,0.008670126,94.76440654,1,-0.00652624,0.828372886,0.075699727,74.5937186
14-11-2023,0.028011523,104.3360988,1,-0.004461834,0.901756632,0.38782609,71.30242374
15-11-2023,0.04363783,114.6802196,1,-0.018895407,0.944741237,0.803537659,67.7675784
16-11-2023,0.053819597,123.6521153,1,-0.004523063,0.988997342,0.901774029,64.64059188
17-11-2023,0.068619525,129.814941,1,-0.024238793,0.818259498,0.203472742,62.36676101
20-11-2023,0.078334529,136.1954645,1,-0.015839028,0.856009639,0.066973612,60.09981634
21-11-2023,0.06839257,141.0502655,1,0.007604147,0.910725723,0.877350453,58.55500579
22-11-2023,0.088337811,141.9123573,1,0.007858002,1.188613076,0.389404939,58.1184541
24-11-2023,0.102027169,136.0059915,1,0.004254576,0.932538803,0.541760964,60.260747
27-11-2023,0.105178803,123.2203203,1,-0.009669761,0.992816423,0.968065812,64.82396769
28-11-2023,0.093133452,111.6947264,1,-0.000477114,0.878439085,0.066564728,68.68258564
29-11-2023,0.085073272,98.55374926,1,-3.60E-05,1.044312028,0.648318007,73.38221145
30-11-2023,0.077855321,87.32528582,1,-0.011583647,0.912273286,0.074105423,77.21260481
01-12-2023,0.064118624,83.5929866,1,0.015033983,0.882797031,0.375468928,78.57901538
04-12-2023,0.048513872,80.02324424,1,0.008773623,1.006629051,0.803814545,79.89764032
05-12-2023,0.046083628,75.38455882,1,-0.002209642,0.80220232,0.433472233,81.47413096
06-12-2023,0.039046397,69.66998949,1,0.000268858,0.803065613,0.997182354,83.5915801
07-12-2023,0.046274298,64.07007112,1,0.002083828,0.887627524,0.559059285,85.45165318
08-12-2023,0.059121077,51.1822006,1,-0.020417349,0.814688545,0.321162153,89.93433326
11-12-2023,0.046928297,45.89633213,1,-0.002471774,0.843210302,0.220111326,91.75402788
12-12-2023,0.052623319,38.44221709,1,-0.006819842,0.93554426,0.350520534,94.38238979
13-12-2023,0.047020406,47.95952326,1,-0.0100162,1.121034272,0.372533274,91.02545838
14-12-2023,0.048118077,55.8825523,1,-0.002811003,1.028819457,0.068713678,88.19834266
15-12-2023,0.046792029,61.17202121,1,0.017976865,1.00506709,0.369574199,86.4085528
18-12-2023,0.050185874,66.85679743,1,0.006408429,0.917395529,0.46423852,84.45208501
19-12-2023,0.048597267,75.04015654,1,-0.00571179,1.172701488,0.722737752,81.60503527
20-12-2023,0.035291638,75.12817768,1,0.005725828,0.958806016,0.656729485,81.5840344
21-12-2023,0.041726077,78.44378461,1,0.013993554,0.834837107,0.708765655,80.45193307
22-12-2023,0.042832964,81.16220038,1,0.009246337,1.046826606,0.008363682,79.32376345
26-12-2023,0.0492964,83.48847507,1,0.000596304,0.845535357,0.2176674,78.58451116
27-12-2023,0.049768476,84.98850587,1,-0.006469368,0.938089257,0.661684288,78.14054209
28-12-2023,0.051151725,84.67575482,1,0.006982233,1.002964775,0.483989368,78.20226279
29-12-2023,0.044229231,83.25924914,1,0.003934854,1.14968901,0.005313476,78.57531524
